-- phpMyAdmin SQL Dump
-- version 4.8.3
-- https://www.phpmyadmin.net/
--
-- Хост: 192.168.224.222:3306
-- Время создания: Сен 25 2019 г., 17:21
-- Версия сервера: 5.6.41
-- Версия PHP: 5.6.38

SET SQL_MODE = "NO_AUTO_VALUE_ON_ZERO";
SET AUTOCOMMIT = 0;
START TRANSACTION;
SET time_zone = "+00:00";


/*!40101 SET @OLD_CHARACTER_SET_CLIENT=@@CHARACTER_SET_CLIENT */;
/*!40101 SET @OLD_CHARACTER_SET_RESULTS=@@CHARACTER_SET_RESULTS */;
/*!40101 SET @OLD_COLLATION_CONNECTION=@@COLLATION_CONNECTION */;
/*!40101 SET NAMES utf8mb4 */;

--
-- База данных: `funnel`
--

-- --------------------------------------------------------

--
-- Структура таблицы `funnel_chance`
--

CREATE TABLE `funnel_chance` (
  `chance_id` int(11) NOT NULL,
  `chance_num` tinyint(2) DEFAULT NULL
) ENGINE=InnoDB DEFAULT CHARSET=utf8;

--
-- Дамп данных таблицы `funnel_chance`
--

INSERT INTO `funnel_chance` (`chance_id`, `chance_num`) VALUES
(1, 10),
(2, 20),
(3, 30),
(4, 40),
(5, 50),
(6, 60),
(7, 70),
(8, 80),
(9, 90),
(10, 100);

-- --------------------------------------------------------

--
-- Структура таблицы `funnel_city`
--

CREATE TABLE `funnel_city` (
  `city_id` int(5) UNSIGNED NOT NULL,
  `region_id` int(3) UNSIGNED NOT NULL DEFAULT '0',
  `city_name` varchar(50) NOT NULL
) ENGINE=InnoDB DEFAULT CHARSET=utf8;

--
-- Дамп данных таблицы `funnel_city`
--

INSERT INTO `funnel_city` (`city_id`, `region_id`, `city_name`) VALUES
(1, 2, 'Майкоп'),
(2, 3, 'Горно-Алтайск'),
(3, 4, 'Барнаул'),
(4, 4, 'Бийск'),
(5, 4, 'Рубцовск'),
(6, 4, 'Новоалтайск'),
(7, 4, 'Заринск'),
(8, 5, 'Благовещенск (Амурская область)'),
(9, 5, 'Белогорск (Амурская область)'),
(10, 5, 'Свободный'),
(11, 6, 'Архангельск'),
(12, 6, 'Северодвинск'),
(13, 6, 'Котлас'),
(14, 7, 'Астрахань'),
(15, 7, 'Ахтубинск'),
(16, 7, 'Знаменск'),
(17, 8, 'Уфа'),
(18, 8, 'Стерлитамак'),
(19, 8, 'Салават'),
(20, 8, 'Нефтекамск'),
(21, 8, 'Октябрьский'),
(22, 8, 'Белорецк'),
(23, 8, 'Благовещенск (Башкортостан)'),
(24, 9, 'Белгород'),
(25, 9, 'Старый Оскол'),
(26, 9, 'Губкин'),
(27, 9, 'Шебекино'),
(28, 9, 'Новый Оскол'),
(29, 10, 'Брянск'),
(30, 10, 'Клинцы'),
(31, 11, 'Улан-Удэ'),
(32, 11, 'Северобайкальск'),
(33, 12, 'Владимир'),
(34, 12, 'Ковров'),
(35, 12, 'Муром'),
(36, 12, 'Александров'),
(37, 12, 'Гусь-Хрустальный'),
(38, 12, 'Киржач'),
(39, 13, 'Волгоград'),
(40, 13, 'Волжский'),
(41, 13, 'Камышин'),
(42, 13, 'Калач-на-Дону'),
(43, 14, 'Череповец'),
(44, 14, 'Вологда'),
(45, 14, 'Сокол'),
(46, 15, 'Воронеж'),
(47, 15, 'Борисоглебск'),
(48, 15, 'Россошь'),
(49, 15, 'Лиски'),
(50, 15, 'Павловск'),
(51, 16, 'Махачкала'),
(52, 16, 'Хасавюрт'),
(53, 16, 'Дербент'),
(54, 17, 'Биробиджан'),
(55, 18, 'Чита'),
(56, 18, 'Краснокаменск'),
(57, 19, 'Иваново'),
(58, 19, 'Кинешма'),
(59, 19, 'Шуя'),
(60, 20, 'Назрань'),
(61, 21, 'Иркутск'),
(62, 21, 'Братск'),
(63, 21, 'Ангарск'),
(64, 21, 'Усть-Илимск'),
(65, 22, 'Нальчик'),
(66, 22, 'Прохладный'),
(67, 23, 'Калининград'),
(68, 23, 'Советск (Калининградская область)'),
(69, 24, 'Элиста'),
(70, 25, 'Калуга'),
(71, 25, 'Обнинск'),
(72, 26, 'Петропавловск-Камчатский'),
(73, 26, 'Елизово'),
(74, 26, 'Вилючинск'),
(75, 27, 'Черкесск'),
(76, 28, 'Петрозаводск'),
(77, 28, 'Кондопога'),
(78, 29, 'Новокузнецк'),
(79, 29, 'Кемерово'),
(80, 29, 'Прокопьевск'),
(81, 29, 'Ленинск-Кузнецкий'),
(82, 29, 'Междуреченск'),
(83, 29, 'Киселёвск'),
(84, 29, 'Юрга'),
(85, 30, 'Киров (Кировская область)'),
(86, 30, 'Кирово-Чепецк'),
(87, 31, 'Сыктывкар'),
(88, 31, 'Ухта'),
(89, 31, 'Воркута'),
(90, 31, 'Печора'),
(91, 32, 'Кострома'),
(92, 33, 'Краснодар'),
(93, 33, 'Сочи'),
(94, 33, 'Новороссийск'),
(95, 33, 'Армавир'),
(96, 33, 'Ейск'),
(97, 33, 'Кропоткин'),
(98, 33, 'Туапсе'),
(99, 33, 'Тихорецк'),
(100, 33, 'Анапа'),
(101, 33, 'Белореченск'),
(102, 33, 'Геленджик'),
(103, 34, 'Красноярск'),
(104, 34, 'Норильск'),
(105, 34, 'Ачинск'),
(106, 34, 'Канск'),
(107, 34, 'Железногорск (Красноярский край)'),
(108, 34, 'Зеленогорск'),
(109, 35, 'Курган'),
(110, 35, 'Шадринск'),
(111, 36, 'Курск'),
(112, 36, 'Железногорск (Курская область)'),
(113, 36, 'Курчатов'),
(114, 37, 'Гатчина'),
(115, 37, 'Выборг'),
(116, 37, 'Сосновый Бор'),
(117, 37, 'Тихвин'),
(118, 37, 'Кириши'),
(119, 37, 'Кингисепп'),
(120, 37, 'Всеволожск'),
(121, 37, 'Волхов'),
(122, 37, 'Сертолово'),
(123, 37, 'Луга'),
(124, 37, 'Тосно'),
(125, 37, 'Сланцы'),
(126, 37, 'Кировск (Ленинградская область)'),
(127, 37, 'Лодейное Поле'),
(128, 37, 'Пикалёво'),
(129, 37, 'Отрадное'),
(130, 37, 'Подпорожье'),
(131, 37, 'Коммунар'),
(132, 37, 'Приозерск'),
(133, 37, 'Никольское'),
(134, 37, 'Бокситогорск'),
(135, 37, 'Светогорск'),
(136, 37, 'Сясьстрой'),
(137, 37, 'Шлиссельбург'),
(138, 37, 'Сиверский'),
(139, 37, 'Волосово'),
(140, 37, 'Ивангород'),
(141, 37, 'Вырица'),
(142, 37, 'Поселок им. Морозова'),
(143, 38, 'Липецк'),
(144, 38, 'Елец'),
(145, 39, 'Магадан'),
(146, 40, 'Йошкар-Ола'),
(147, 40, 'Волжск'),
(148, 41, 'Саранск'),
(149, 41, 'Рузаевка'),
(150, 43, 'Балашиха'),
(151, 43, 'Химки'),
(152, 43, 'Подольск'),
(153, 43, 'Королёв'),
(154, 43, 'Мытищи'),
(155, 43, 'Люберцы'),
(156, 43, 'Коломна'),
(157, 43, 'Электросталь'),
(158, 43, 'Одинцово'),
(159, 43, 'Железнодорожный (Балашиха)'),
(160, 43, 'Серпухов'),
(161, 43, 'Орехово-Зуево'),
(162, 43, 'Ногинск'),
(163, 43, 'Щёлково'),
(164, 43, 'Сергиев Посад'),
(165, 43, 'Жуковский'),
(166, 43, 'Красногорск'),
(167, 43, 'Пушкино'),
(168, 43, 'Воскресенск'),
(169, 43, 'Домодедово'),
(170, 43, 'Раменское'),
(171, 43, 'Реутов'),
(172, 43, 'Долгопрудный'),
(173, 43, 'Клин'),
(174, 43, 'Чехов'),
(175, 43, 'Наро-Фоминск'),
(176, 43, 'Лобня'),
(177, 43, 'Егорьевск'),
(178, 43, 'Ступино'),
(179, 43, 'Дмитров'),
(180, 43, 'Дубна'),
(181, 43, 'Павловский Посад'),
(182, 43, 'Солнечногорск'),
(183, 43, 'Ивантеевка'),
(184, 42, 'Климовск (Москва)'),
(185, 43, 'Видное'),
(186, 43, 'Фрязино'),
(187, 43, 'Лыткарино'),
(188, 43, 'Дзержинский'),
(189, 43, 'Кашира'),
(190, 43, 'Протвино'),
(191, 42, 'Троицк (Москва)'),
(192, 42, 'Юбилейный (Москва)'),
(193, 43, 'Истра'),
(194, 43, 'Нахабино'),
(195, 43, 'Краснознаменск (Московская область)'),
(196, 43, 'Луховицы'),
(197, 42, 'Щербинка (Москва)'),
(198, 43, 'Шатура'),
(199, 43, 'Ликино-Дулёво'),
(200, 43, 'Можайск'),
(201, 43, 'Томилино'),
(202, 43, 'Дедовск'),
(203, 43, 'Красноармейск (Московская область)'),
(204, 43, 'Кубинка'),
(205, 43, 'Озёры'),
(206, 43, 'Зарайск'),
(207, 43, 'Калининец'),
(208, 43, 'Волоколамск'),
(209, 43, 'Лосино-Петровский'),
(210, 43, 'Старая Купавна'),
(211, 43, 'Рошаль'),
(212, 43, 'Электрогорск'),
(213, 43, 'Электроугли'),
(214, 43, 'Черноголовка'),
(215, 43, 'Котельники'),
(216, 43, 'Пущино'),
(217, 43, 'Красково'),
(218, 44, 'Мурманск'),
(219, 44, 'Апатиты'),
(220, 44, 'Североморск'),
(221, 45, 'Нарьян-Мар'),
(222, 46, 'Нижний Новгород'),
(223, 46, 'Дзержинск'),
(224, 46, 'Арзамас'),
(225, 46, 'Саров'),
(226, 46, 'Бор'),
(227, 46, 'Кстово'),
(228, 46, 'Павлово'),
(229, 46, 'Выкса'),
(230, 46, 'Балахна'),
(231, 47, 'Великий Новгород'),
(232, 47, 'Боровичи'),
(233, 47, 'Старая Русса'),
(234, 48, 'Новосибирск'),
(235, 48, 'Бердск'),
(236, 48, 'Куйбышев'),
(237, 49, 'Омск'),
(238, 50, 'Оренбург'),
(239, 50, 'Орск'),
(240, 50, 'Новотроицк'),
(241, 50, 'Бузулук'),
(242, 51, 'Орёл'),
(243, 51, 'Ливны'),
(244, 51, 'Мценск'),
(245, 52, 'Пенза'),
(246, 52, 'Кузнецк'),
(247, 52, 'Заречный (Пензенская область)'),
(248, 52, 'Каменка'),
(249, 53, 'Пермь'),
(250, 53, 'Березники'),
(251, 53, 'Соликамск'),
(252, 53, 'Чайковский'),
(253, 53, 'Лысьва'),
(254, 53, 'Кунгур'),
(255, 53, 'Краснокамск'),
(256, 54, 'Владивосток'),
(257, 54, 'Находка'),
(258, 54, 'Уссурийск'),
(259, 54, 'Артём'),
(260, 55, 'Псков'),
(261, 55, 'Великие Луки'),
(262, 56, 'Ростов-на-Дону'),
(263, 56, 'Таганрог'),
(264, 56, 'Шахты'),
(265, 56, 'Новочеркасск'),
(266, 56, 'Волгодонск'),
(267, 56, 'Новошахтинск'),
(268, 56, 'Батайск'),
(269, 56, 'Каменск-Шахтинский'),
(270, 56, 'Азов'),
(271, 56, 'Гуково'),
(272, 56, 'Сальск'),
(273, 56, 'Донецк'),
(274, 56, 'Белая Калитва'),
(275, 57, 'Рязань'),
(276, 57, 'Касимов'),
(277, 58, 'Самара'),
(278, 58, 'Тольятти'),
(279, 58, 'Сызрань'),
(280, 58, 'Новокуйбышевск'),
(281, 58, 'Чапаевск'),
(282, 58, 'Жигулёвск'),
(283, 60, 'Саратов'),
(284, 60, 'Энгельс'),
(285, 60, 'Балаково'),
(286, 60, 'Балашов'),
(287, 60, 'Вольск'),
(288, 61, 'Якутск'),
(289, 61, 'Нерюнгри'),
(290, 61, 'Мирный'),
(291, 62, 'Южно-Сахалинск'),
(292, 63, 'Екатеринбург'),
(293, 63, 'Нижний Тагил'),
(294, 63, 'Каменск-Уральский'),
(295, 63, 'Первоуральск'),
(296, 63, 'Серов'),
(297, 63, 'Новоуральск'),
(298, 63, 'Асбест'),
(299, 63, 'Полевской'),
(300, 63, 'Ревда'),
(301, 63, 'Краснотурьинск'),
(302, 64, 'Владикавказ'),
(303, 64, 'Моздок'),
(304, 65, 'Смоленск'),
(305, 65, 'Вязьма'),
(306, 66, 'Ставрополь'),
(307, 66, 'Пятигорск'),
(308, 66, 'Кисловодск'),
(309, 66, 'Ессентуки'),
(310, 66, 'Минеральные Воды'),
(311, 66, 'Будённовск'),
(312, 67, 'Тамбов'),
(313, 67, 'Мичуринск'),
(314, 68, 'Казань'),
(315, 68, 'Набережные Челны'),
(316, 68, 'Нижнекамск'),
(317, 68, 'Альметьевск'),
(318, 68, 'Зеленодольск'),
(319, 68, 'Бугульма'),
(320, 69, 'Тверь'),
(321, 69, 'Ржев'),
(322, 70, 'Томск'),
(323, 70, 'Северск'),
(324, 71, 'Тула'),
(325, 71, 'Новомосковск'),
(327, 71, 'Узловая'),
(328, 72, 'Кызыл'),
(329, 73, 'Тюмень'),
(330, 73, 'Тобольск'),
(331, 74, 'Ижевск'),
(332, 74, 'Сарапул'),
(333, 74, 'Глазов'),
(334, 74, 'Воткинск'),
(335, 75, 'Ульяновск'),
(336, 75, 'Димитровград'),
(337, 76, 'Хабаровск'),
(338, 76, 'Комсомольск-на-Амуре'),
(339, 76, 'Амурск'),
(340, 77, 'Абакан'),
(341, 77, 'Черногорск'),
(342, 78, 'Сургут'),
(343, 78, 'Нижневартовск'),
(344, 78, 'Нефтеюганск'),
(345, 78, 'Ханты-Мансийск'),
(346, 79, 'Челябинск'),
(347, 79, 'Магнитогорск'),
(348, 79, 'Златоуст'),
(349, 79, 'Миасс'),
(350, 79, 'Копейск'),
(351, 79, 'Озёрск'),
(352, 79, 'Троицк'),
(353, 79, 'Снежинск'),
(354, 79, 'Сатка'),
(355, 80, 'Грозный'),
(356, 80, 'Урус-Мартан'),
(357, 81, 'Чебоксары'),
(358, 81, 'Новочебоксарск'),
(360, 83, 'Новый Уренгой'),
(361, 83, 'Ноябрьск'),
(362, 84, 'Ярославль'),
(363, 84, 'Рыбинск'),
(364, 84, 'Переславль-Залесский'),
(365, 42, 'Москва'),
(366, 59, 'Санкт-Петербург'),
(367, 77, 'Абаза'),
(369, 50, 'Абдулино'),
(370, 33, 'Абинск'),
(371, 8, 'Агидель'),
(372, 68, 'Агрыз'),
(373, 2, 'Адыгейск'),
(374, 68, 'Азнакаево'),
(376, 72, 'Ак-Довурак'),
(377, 56, 'Аксай'),
(378, 64, 'Алагир'),
(379, 63, 'Алапаевск'),
(380, 81, 'Алатырь'),
(381, 61, 'Алдан'),
(382, 4, 'Алейск'),
(384, 53, 'Александровск'),
(385, 62, 'Александровск-Сахалинский'),
(386, 9, 'Алексеевка'),
(387, 71, 'Алексин'),
(388, 21, 'Алзамай'),
(391, 82, 'Анадырь'),
(394, 69, 'Андреаполь'),
(395, 29, 'Анжеро-Судженск'),
(396, 62, 'Анива'),
(398, 43, 'Апрелевка'),
(399, 33, 'Апшеронск'),
(400, 63, 'Арамиль'),
(401, 80, 'Аргун'),
(402, 41, 'Ардатов'),
(403, 64, 'Ардон'),
(405, 60, 'Аркадак'),
(407, 54, 'Арсеньев'),
(408, 68, 'Арск'),
(410, 34, 'Артёмовск'),
(411, 63, 'Артёмовский'),
(414, 70, 'Асино'),
(416, 60, 'Аткарск'),
(419, 79, 'Аша'),
(420, 14, 'Бабаево'),
(421, 11, 'Бабушкин'),
(422, 68, 'Бавлы'),
(423, 23, 'Багратионовск'),
(424, 21, 'Байкальск'),
(425, 8, 'Баймак'),
(426, 79, 'Бакал'),
(427, 22, 'Баксан'),
(428, 25, 'Балабаново'),
(433, 18, 'Балей'),
(434, 23, 'Балтийск'),
(435, 48, 'Барабинск'),
(437, 75, 'Барыш'),
(439, 69, 'Бежецк'),
(440, 71, 'Белёв'),
(442, 30, 'Белая Холуница'),
(444, 8, 'Белебей'),
(445, 52, 'Белинский'),
(446, 29, 'Белово'),
(448, 14, 'Белозерск'),
(449, 4, 'Белокуриха'),
(450, 28, 'Беломорск'),
(453, 25, 'Белоусово'),
(454, 78, 'Белоярский'),
(455, 69, 'Белый'),
(456, 29, 'Березовский (Кемеровская область)'),
(457, 63, 'Березовский (Свердловская область)'),
(460, 64, 'Беслан'),
(462, 76, 'Бикин'),
(463, 82, 'Билибино'),
(465, 8, 'Бирск'),
(466, 21, 'Бирюсинск'),
(467, 9, 'Бирюч'),
(470, 66, 'Благодарный'),
(471, 15, 'Бобров'),
(472, 63, 'Богданович'),
(473, 71, 'Богородицк'),
(474, 46, 'Богородск'),
(475, 34, 'Боготол'),
(476, 15, 'Богучар'),
(477, 21, 'Бодайбо'),
(479, 68, 'Болгар'),
(480, 69, 'Бологое'),
(481, 48, 'Болотное'),
(482, 71, 'Болохово'),
(483, 51, 'Болхов'),
(484, 54, 'Большой Камень'),
(486, 18, 'Борзя'),
(489, 25, 'Боровск'),
(490, 34, 'Бородино'),
(492, 43, 'Бронницы'),
(495, 50, 'Бугуруслан'),
(498, 68, 'Буинск'),
(499, 32, 'Буй'),
(500, 16, 'Буйнакск'),
(501, 15, 'Бутурлиновка'),
(502, 47, 'Валдай'),
(503, 9, 'Валуйки'),
(504, 65, 'Велиж'),
(507, 14, 'Великий Устюг'),
(508, 6, 'Вельск'),
(509, 71, 'Венёв'),
(510, 53, 'Верещагино'),
(511, 43, 'Верея'),
(512, 79, 'Верхнеуральск'),
(513, 63, 'Верхний Тагил'),
(514, 79, 'Верхний Уфалей'),
(515, 63, 'Верхняя Пышма'),
(516, 63, 'Верхняя Салда'),
(517, 63, 'Верхняя Тура'),
(518, 63, 'Верхотурье'),
(519, 61, 'Верхоянск'),
(520, 69, 'Весьегонск'),
(521, 46, 'Ветлуга'),
(523, 61, 'Вилюйск'),
(525, 21, 'Вихоревка'),
(526, 19, 'Вичуга'),
(532, 32, 'Волгореченск'),
(536, 46, 'Володарск'),
(540, 63, 'Волчанск'),
(544, 46, 'Ворсма'),
(548, 31, 'Вуктыл'),
(551, 43, 'Высоковск'),
(552, 37, 'Высоцк'),
(553, 14, 'Вытегра'),
(554, 69, 'Вышний Волочёк'),
(555, 76, 'Вяземский'),
(556, 12, 'Вязники'),
(558, 30, 'Вятские Поляны'),
(559, 19, 'Гаврилов Посад'),
(560, 84, 'Гаврилов-Ям'),
(561, 65, 'Гагарин'),
(562, 44, 'Гаджиево'),
(563, 50, 'Гай'),
(564, 32, 'Галич'),
(566, 23, 'Гвардейск'),
(567, 55, 'Гдов'),
(569, 66, 'Георгиевск'),
(571, 43, 'Голицыно'),
(572, 46, 'Горбатов'),
(574, 53, 'Горнозаводск'),
(575, 4, 'Горняк'),
(576, 46, 'Городец'),
(577, 52, 'Городище'),
(578, 24, 'Городовиковск'),
(579, 12, 'Гороховец'),
(580, 33, 'Горячий Ключ'),
(581, 9, 'Грайворон'),
(582, 53, 'Гремячинск'),
(584, 38, 'Грязи'),
(585, 14, 'Грязовец'),
(586, 53, 'Губаха'),
(588, 83, 'Губкинский'),
(589, 80, 'Гудермес'),
(591, 33, 'Гулькевичи'),
(592, 23, 'Гурьевск (Калининградская область)'),
(593, 29, 'Гурьевск (Кемеровская область)'),
(594, 23, 'Гусев'),
(595, 11, 'Гусиноозёрск'),
(597, 8, 'Давлеканово'),
(598, 16, 'Дагестанские Огни'),
(599, 35, 'Далматово'),
(600, 54, 'Дальнегорск'),
(601, 54, 'Дальнереченск'),
(602, 84, 'Данилов'),
(603, 38, 'Данков'),
(604, 63, 'Дегтярск'),
(606, 65, 'Демидов'),
(608, 65, 'Десногорск'),
(611, 34, 'Дивногорск'),
(612, 64, 'Дигора'),
(614, 36, 'Дмитриев'),
(616, 51, 'Дмитровск'),
(617, 55, 'Дно'),
(618, 53, 'Добрянка'),
(620, 62, 'Долинск'),
(623, 71, 'Донской'),
(624, 65, 'Дорогобуж'),
(625, 43, 'Дрезна'),
(627, 13, 'Дубовка'),
(628, 34, 'Дудинка'),
(629, 65, 'Духовщина'),
(630, 8, 'Дюртюли'),
(631, 10, 'Дятьково'),
(635, 68, 'Елабуга'),
(638, 65, 'Ельня'),
(639, 79, 'Еманжелинск'),
(640, 31, 'Емва'),
(641, 34, 'Енисейск'),
(642, 25, 'Ермолино'),
(643, 60, 'Ершов'),
(645, 71, 'Ефремов'),
(646, 66, 'Железноводск'),
(649, 21, 'Железногорск-Илимский'),
(651, 67, 'Жердевка'),
(653, 25, 'Жиздра'),
(654, 13, 'Жирновск'),
(655, 25, 'Жуков'),
(656, 10, 'Жуковка'),
(658, 5, 'Завитинск'),
(659, 73, 'Заводоуковск'),
(660, 19, 'Заволжск'),
(661, 46, 'Заволжье'),
(662, 38, 'Задонск'),
(663, 68, 'Заинск'),
(664, 11, 'Закаменск'),
(665, 34, 'Заозёрный'),
(666, 44, 'Заозёрск'),
(667, 69, 'Западная Двина'),
(668, 44, 'Заполярный'),
(671, 63, 'Заречный (Свердловская область)'),
(673, 40, 'Звенигово'),
(674, 43, 'Звенигород'),
(675, 56, 'Зверево'),
(677, 23, 'Зеленоградск'),
(679, 66, 'Зеленокумск'),
(680, 56, 'Зерноград'),
(681, 5, 'Зея'),
(682, 21, 'Зима'),
(684, 10, 'Злынка'),
(685, 4, 'Змеиногорск'),
(687, 69, 'Зубцов'),
(688, 30, 'Зуевка'),
(692, 63, 'Ивдель'),
(693, 34, 'Игарка'),
(695, 16, 'Избербаш'),
(696, 66, 'Изобильный'),
(697, 34, 'Иланский'),
(698, 75, 'Инза'),
(699, 41, 'Инсар'),
(700, 31, 'Инта'),
(701, 66, 'Ипатово'),
(702, 63, 'Ирбит'),
(704, 49, 'Исилькуль'),
(705, 48, 'Искитим'),
(707, 73, 'Ишим'),
(708, 8, 'Ишимбай'),
(710, 14, 'Кадников'),
(712, 15, 'Калач'),
(714, 49, 'Калачинск'),
(716, 60, 'Калининск'),
(717, 29, 'Калтан'),
(719, 69, 'Калязин'),
(720, 74, 'Камбарка'),
(722, 37, 'Каменногорск'),
(725, 4, 'Камень-на-Оби'),
(726, 12, 'Камешково'),
(727, 7, 'Камызяк'),
(729, 63, 'Камышлов'),
(730, 81, 'Канаш'),
(731, 44, 'Кандалакша'),
(733, 12, 'Карабаново'),
(734, 79, 'Карабаш'),
(735, 20, 'Карабулак'),
(736, 48, 'Карасук'),
(737, 27, 'Карачаевск'),
(738, 10, 'Карачев'),
(739, 48, 'Каргат'),
(740, 6, 'Каргополь'),
(741, 63, 'Карпинск'),
(742, 79, 'Карталы'),
(744, 79, 'Касли'),
(745, 16, 'Каспийск'),
(746, 79, 'Катав-Ивановск'),
(747, 35, 'Катайск'),
(748, 63, 'Качканар'),
(749, 69, 'Кашин'),
(751, 70, 'Кедровый'),
(753, 28, 'Кемь'),
(754, 53, 'Кизел'),
(755, 16, 'Кизилюрт'),
(756, 16, 'Кизляр'),
(757, 71, 'Кимовск'),
(758, 69, 'Кимры'),
(760, 58, 'Кинель'),
(762, 71, 'Киреевск'),
(763, 21, 'Киренск'),
(765, 14, 'Кириллов'),
(768, 25, 'Киров (Калужская область)'),
(769, 63, 'Кировград'),
(772, 44, 'Кировск (Мурманская область)'),
(773, 30, 'Кирс'),
(774, 67, 'Кирсанов'),
(780, 46, 'Княгинино'),
(781, 44, 'Ковдор'),
(783, 41, 'Ковылкино'),
(784, 78, 'Когалым'),
(785, 34, 'Кодинск'),
(786, 25, 'Козельск'),
(787, 81, 'Козловка'),
(788, 40, 'Козьмодемьянск'),
(789, 44, 'Кола'),
(790, 32, 'Кологрив'),
(792, 70, 'Колпашево'),
(793, 12, 'Кольчугино'),
(795, 19, 'Комсомольск'),
(797, 69, 'Конаково'),
(799, 25, 'Кондрово'),
(800, 56, 'Константиновск'),
(802, 57, 'Кораблино'),
(803, 33, 'Кореновск'),
(804, 79, 'Коркино'),
(806, 9, 'Короча'),
(807, 62, 'Корсаков'),
(808, 6, 'Коряжма'),
(809, 12, 'Костерёво'),
(810, 28, 'Костомукша'),
(813, 13, 'Котельниково'),
(814, 30, 'Котельнич'),
(816, 13, 'Котово'),
(817, 67, 'Котовск'),
(818, 19, 'Кохма'),
(819, 14, 'Красавино'),
(821, 60, 'Красноармейск (Саратовская область)'),
(822, 53, 'Красновишерск'),
(825, 43, 'Краснозаводск'),
(830, 13, 'Краснослободск (Волгоградская область)'),
(831, 41, 'Краснослободск (Мордовия)'),
(833, 63, 'Красноуральск'),
(834, 63, 'Красноуфимск'),
(836, 60, 'Красный Кут'),
(837, 56, 'Красный Сулин'),
(838, 69, 'Красный Холм'),
(839, 25, 'Кремёнки'),
(841, 33, 'Крымск'),
(844, 50, 'Кувандык'),
(845, 69, 'Кувшиново'),
(846, 53, 'Кудымкар'),
(849, 46, 'Кулебаки'),
(850, 8, 'Кумертау'),
(852, 48, 'Купино'),
(854, 33, 'Курганинск'),
(855, 62, 'Курильск'),
(856, 12, 'Курлово'),
(857, 43, 'Куровское'),
(859, 35, 'Куртамыш'),
(861, 79, 'Куса'),
(862, 63, 'Кушва'),
(864, 79, 'Кыштым'),
(865, 11, 'Кяхта'),
(866, 33, 'Лабинск'),
(867, 83, 'Лабытнанги'),
(868, 24, 'Лагань'),
(869, 23, 'Ладушкин'),
(870, 68, 'Лаишево'),
(871, 12, 'Лакинск'),
(872, 78, 'Лангепас'),
(873, 28, 'Лахденпохья'),
(874, 38, 'Лебедянь'),
(875, 68, 'Лениногорск'),
(876, 13, 'Ленинск'),
(878, 61, 'Ленск'),
(879, 66, 'Лермонтов'),
(880, 63, 'Лесной'),
(881, 54, 'Лесозаводск'),
(882, 34, 'Лесосибирск'),
(886, 71, 'Липки'),
(888, 69, 'Лихославль'),
(893, 30, 'Луза'),
(894, 46, 'Лукоянов'),
(896, 46, 'Лысково'),
(899, 36, 'Льгов'),
(900, 37, 'Любань'),
(902, 84, 'Любим'),
(903, 25, 'Людиново'),
(904, 78, 'Лянтор'),
(906, 20, 'Магас'),
(909, 22, 'Майский'),
(910, 62, 'Макаров'),
(911, 32, 'Макарьев'),
(912, 35, 'Макушино'),
(913, 47, 'Малая Вишера'),
(914, 20, 'Малгобек'),
(915, 30, 'Малмыж'),
(916, 51, 'Малоархангельск'),
(917, 25, 'Малоярославец'),
(918, 68, 'Мамадыш'),
(919, 23, 'Мамоново'),
(920, 32, 'Мантурово'),
(921, 29, 'Мариинск'),
(922, 81, 'Мариинский Посад'),
(923, 60, 'Маркс'),
(925, 10, 'Мглин'),
(926, 78, 'Мегион'),
(927, 28, 'Медвежьегорск'),
(928, 50, 'Медногорск'),
(929, 25, 'Медынь'),
(930, 8, 'Межгорье'),
(932, 6, 'Мезень'),
(933, 12, 'Меленки'),
(934, 8, 'Мелеуз'),
(935, 68, 'Менделеевск'),
(936, 68, 'Мензелинск'),
(937, 25, 'Мещовск'),
(939, 31, 'Микунь'),
(940, 56, 'Миллерово'),
(942, 34, 'Минусинск'),
(943, 79, 'Миньяр'),
(946, 57, 'Михайлов'),
(947, 13, 'Михайловка'),
(948, 63, 'Михайловск (Свердловская область)'),
(949, 66, 'Михайловск (Ставропольский край)'),
(951, 18, 'Могоча'),
(953, 74, 'Можга'),
(955, 44, 'Мончегорск'),
(956, 56, 'Морозовск'),
(957, 67, 'Моршанск'),
(958, 25, 'Мосальск'),
(960, 83, 'Муравленко'),
(961, 30, 'Мураши'),
(965, 29, 'Мыски'),
(967, 84, 'Мышкин'),
(969, 46, 'Навашино'),
(970, 19, 'Наволоки'),
(971, 83, 'Надым'),
(972, 34, 'Назарово'),
(974, 49, 'Называевск'),
(976, 7, 'Нариманов'),
(978, 22, 'Нарткала'),
(981, 55, 'Невель'),
(982, 62, 'Невельск'),
(983, 66, 'Невинномысск'),
(984, 63, 'Невьянск'),
(985, 69, 'Нелидово'),
(986, 23, 'Неман'),
(987, 32, 'Нерехта'),
(988, 18, 'Нерчинск'),
(990, 23, 'Нестеров'),
(991, 58, 'Нефтегорск'),
(993, 66, 'Нефтекумск'),
(995, 32, 'Нея'),
(998, 21, 'Нижнеудинск'),
(999, 63, 'Нижние Серги'),
(1000, 52, 'Нижний Ломов'),
(1003, 63, 'Нижняя Салда'),
(1004, 63, 'Нижняя Тура'),
(1005, 13, 'Николаевск'),
(1006, 76, 'Николаевск-на-Амуре'),
(1007, 14, 'Никольск (Вологодская область)'),
(1008, 52, 'Никольск (Пензенская область)'),
(1010, 37, 'Новая Ладога'),
(1011, 63, 'Новая Ляля'),
(1012, 66, 'Новоалександровск'),
(1014, 13, 'Новоаннинский'),
(1015, 15, 'Нововоронеж'),
(1016, 6, 'Новодвинск'),
(1017, 10, 'Новозыбков'),
(1018, 33, 'Новокубанск'),
(1021, 57, 'Новомичуринск'),
(1023, 66, 'Новопавловск'),
(1024, 55, 'Новоржев'),
(1027, 51, 'Новосиль'),
(1028, 55, 'Новосокольники'),
(1030, 60, 'Новоузенск'),
(1031, 75, 'Новоульяновск'),
(1033, 15, 'Новохопёрск'),
(1040, 30, 'Нолинск'),
(1043, 68, 'Нурлат'),
(1044, 53, 'Нытва'),
(1045, 61, 'Нюрба'),
(1046, 78, 'Нягань'),
(1047, 79, 'Нязепетровск'),
(1048, 6, 'Няндома'),
(1049, 17, 'Облучье'),
(1051, 36, 'Обоянь'),
(1052, 48, 'Обь'),
(1054, 43, 'Ожерелье'),
(1058, 58, 'Октябрьск'),
(1060, 47, 'Окуловка'),
(1061, 61, 'Олёкминск'),
(1062, 44, 'Оленегорск'),
(1063, 28, 'Олонец'),
(1065, 30, 'Омутнинск'),
(1066, 6, 'Онега'),
(1067, 55, 'Опочка'),
(1071, 30, 'Орлов'),
(1073, 53, 'Оса'),
(1074, 29, 'Осинники'),
(1075, 69, 'Осташков'),
(1076, 55, 'Остров'),
(1077, 44, 'Островной'),
(1078, 15, 'Острогожск'),
(1080, 58, 'Отрадный'),
(1081, 62, 'Оха'),
(1082, 53, 'Оханск'),
(1083, 53, 'Очёр'),
(1087, 13, 'Палласовка'),
(1088, 54, 'Партизанск'),
(1089, 82, 'Певек'),
(1091, 46, 'Первомайск'),
(1093, 46, 'Перевоз'),
(1094, 43, 'Пересвет'),
(1097, 47, 'Пестово'),
(1098, 13, 'Петров Вал'),
(1099, 60, 'Петровск'),
(1100, 18, 'Петровск-Забайкальский'),
(1103, 35, 'Петухово'),
(1104, 12, 'Петушки'),
(1106, 55, 'Печоры'),
(1108, 23, 'Пионерский'),
(1109, 28, 'Питкяранта'),
(1110, 19, 'Плёс'),
(1111, 71, 'Плавск'),
(1112, 79, 'Пласт'),
(1113, 15, 'Поворино'),
(1116, 78, 'Покачи'),
(1117, 12, 'Покров'),
(1118, 61, 'Покровск'),
(1120, 23, 'Полесск'),
(1121, 29, 'Полысаево'),
(1122, 44, 'Полярные Зори'),
(1123, 44, 'Полярный'),
(1124, 62, 'Поронайск'),
(1125, 55, 'Порхов'),
(1126, 58, 'Похвистнево'),
(1127, 10, 'Почеп'),
(1128, 65, 'Починок'),
(1129, 84, 'Пошехонье'),
(1130, 23, 'Правдинск'),
(1131, 19, 'Приволжск'),
(1132, 23, 'Приморск (Калининградская область)'),
(1133, 37, 'Приморск (Ленинградская область)'),
(1134, 33, 'Приморско-Ахтарск'),
(1137, 56, 'Пролетарск'),
(1141, 60, 'Пугачёв'),
(1142, 28, 'Пудож'),
(1143, 55, 'Пустошка'),
(1144, 19, 'Пучеж'),
(1147, 55, 'Пыталово'),
(1148, 78, 'Пыть-Ях'),
(1150, 12, 'Радужный (Владимирская область)'),
(1151, 78, 'Радужный (ХМАО - Югра)'),
(1152, 5, 'Райчихинск'),
(1154, 67, 'Рассказово'),
(1156, 63, 'Реж'),
(1159, 19, 'Родники'),
(1160, 65, 'Рославль'),
(1162, 84, 'Ростов'),
(1165, 60, 'Ртищево'),
(1167, 65, 'Рудня'),
(1168, 43, 'Руза'),
(1171, 57, 'Рыбное'),
(1172, 36, 'Рыльск'),
(1173, 57, 'Ряжск'),
(1176, 29, 'Салаир'),
(1177, 83, 'Салехард'),
(1185, 57, 'Сасово'),
(1187, 65, 'Сафоново'),
(1188, 77, 'Саяногорск'),
(1189, 21, 'Саянск'),
(1190, 23, 'Светлогорск'),
(1191, 66, 'Светлоград'),
(1192, 23, 'Светлый'),
(1194, 21, 'Свирск'),
(1196, 55, 'Себеж'),
(1197, 62, 'Северо-Курильск'),
(1201, 63, 'Североуральск'),
(1203, 10, 'Севск'),
(1204, 28, 'Сегежа'),
(1205, 10, 'Сельцо'),
(1206, 46, 'Семёнов'),
(1207, 56, 'Семикаракорск'),
(1208, 15, 'Семилуки'),
(1209, 75, 'Сенгилей'),
(1210, 13, 'Серафимович'),
(1211, 46, 'Сергач'),
(1213, 52, 'Сердобск'),
(1217, 8, 'Сибай'),
(1218, 79, 'Сим'),
(1219, 5, 'Сковородино'),
(1220, 57, 'Скопин'),
(1221, 4, 'Славгород'),
(1222, 23, 'Славск'),
(1223, 33, 'Славянск-на-Кубани'),
(1225, 30, 'Слободской'),
(1226, 21, 'Слюдянка'),
(1229, 44, 'Снежногорск'),
(1230, 12, 'Собинка'),
(1232, 30, 'Советск (Кировская область)'),
(1233, 71, 'Советск (Тульская область)'),
(1234, 76, 'Советская Гавань'),
(1235, 78, 'Советский'),
(1237, 32, 'Солигалич'),
(1240, 50, 'Соль-Илецк'),
(1241, 6, 'Сольвычегодск'),
(1242, 47, 'Сольцы'),
(1243, 50, 'Сорочинск'),
(1244, 77, 'Сорск'),
(1245, 28, 'Сортавала'),
(1246, 25, 'Сосенский'),
(1247, 30, 'Сосновка'),
(1248, 34, 'Сосновоборск'),
(1250, 31, 'Сосногорск'),
(1252, 25, 'Спас-Деменск'),
(1253, 57, 'Спас-Клепики'),
(1254, 52, 'Спасск'),
(1255, 54, 'Спасск-Дальний'),
(1256, 57, 'Спасск-Рязанский'),
(1257, 61, 'Среднеколымск'),
(1258, 63, 'Среднеуральск'),
(1259, 18, 'Сретенск'),
(1263, 69, 'Старица'),
(1264, 10, 'Стародуб'),
(1267, 70, 'Стрежевой'),
(1268, 9, 'Строитель'),
(1269, 12, 'Струнино'),
(1271, 71, 'Суворов'),
(1272, 36, 'Суджа'),
(1273, 12, 'Судогда'),
(1274, 12, 'Суздаль'),
(1275, 28, 'Суоярви'),
(1276, 10, 'Сураж'),
(1278, 13, 'Суровикино'),
(1279, 52, 'Сурск'),
(1280, 39, 'Сусуман'),
(1281, 25, 'Сухиничи'),
(1282, 63, 'Сухой Лог'),
(1285, 63, 'Сысерть'),
(1286, 65, 'Сычёвка'),
(1288, 63, 'Тавда'),
(1290, 29, 'Тайга'),
(1291, 21, 'Тайшет'),
(1292, 43, 'Талдом'),
(1293, 63, 'Талица'),
(1295, 49, 'Тара'),
(1296, 83, 'Тарко-Сале'),
(1297, 25, 'Таруса'),
(1298, 48, 'Татарск'),
(1299, 29, 'Таштагол'),
(1301, 27, 'Теберда'),
(1302, 19, 'Тейково'),
(1303, 41, 'Темников'),
(1304, 33, 'Темрюк'),
(1305, 22, 'Терек'),
(1306, 68, 'Тетюши'),
(1307, 33, 'Тимашевск'),
(1311, 48, 'Тогучин'),
(1313, 62, 'Томари'),
(1314, 61, 'Томмот'),
(1316, 29, 'Топки'),
(1317, 69, 'Торжок'),
(1318, 69, 'Торопец'),
(1320, 14, 'Тотьма'),
(1321, 79, 'Трёхгорный'),
(1323, 10, 'Трубчевск'),
(1325, 8, 'Туймазы'),
(1327, 21, 'Тулун'),
(1328, 72, 'Туран'),
(1329, 63, 'Туринск'),
(1330, 84, 'Тутаев'),
(1331, 5, 'Тында'),
(1332, 22, 'Тырныауз'),
(1333, 49, 'Тюкалинск'),
(1335, 67, 'Уварово'),
(1336, 62, 'Углегорск'),
(1337, 84, 'Углич'),
(1338, 61, 'Удачный'),
(1339, 69, 'Удомля'),
(1340, 34, 'Ужур'),
(1344, 10, 'Унеча'),
(1345, 78, 'Урай'),
(1346, 46, 'Урень'),
(1347, 30, 'Уржум'),
(1349, 13, 'Урюпинск'),
(1350, 31, 'Усинск'),
(1351, 38, 'Усмань'),
(1352, 53, 'Усолье'),
(1353, 21, 'Усолье-Сибирское'),
(1355, 27, 'Усть-Джегута'),
(1357, 79, 'Усть-Катав'),
(1358, 21, 'Усть-Кут'),
(1359, 33, 'Усть-Лабинск'),
(1360, 14, 'Устюжна'),
(1363, 8, 'Учалы'),
(1364, 34, 'Уяр'),
(1365, 36, 'Фатеж'),
(1366, 10, 'Фокино (Брянская область)'),
(1367, 54, 'Фокино (Приморский край)'),
(1368, 13, 'Фролово'),
(1370, 19, 'Фурманов'),
(1372, 33, 'Хадыженск'),
(1374, 7, 'Харабали'),
(1375, 14, 'Харовск'),
(1377, 60, 'Хвалынск'),
(1378, 18, 'Хилок'),
(1380, 47, 'Холм'),
(1381, 62, 'Холмск'),
(1382, 43, 'Хотьково'),
(1383, 81, 'Цивильск'),
(1384, 56, 'Цимлянск'),
(1385, 53, 'Чёрмоз'),
(1386, 72, 'Чадан'),
(1389, 38, 'Чаплыгин'),
(1390, 79, 'Чебаркуль'),
(1392, 22, 'Чегем'),
(1393, 71, 'Чекалин'),
(1395, 53, 'Чердынь'),
(1396, 21, 'Черемхово'),
(1397, 48, 'Черепаново'),
(1402, 53, 'Чернушка'),
(1403, 23, 'Черняховск'),
(1405, 68, 'Чистополь'),
(1407, 46, 'Чкаловск'),
(1408, 47, 'Чудово'),
(1409, 48, 'Чулым'),
(1410, 53, 'Чусовой'),
(1411, 32, 'Чухлома'),
(1412, 72, 'Шагонар'),
(1414, 80, 'Шали'),
(1415, 34, 'Шарыпово'),
(1416, 32, 'Шарья'),
(1418, 62, 'Шахтёрск'),
(1420, 46, 'Шахунья'),
(1421, 57, 'Шацк'),
(1423, 21, 'Шелехов'),
(1424, 6, 'Шенкурск'),
(1425, 18, 'Шилка'),
(1426, 5, 'Шимановск'),
(1427, 60, 'Шиханы'),
(1429, 81, 'Шумерля'),
(1430, 35, 'Шумиха'),
(1432, 71, 'Щёкино'),
(1434, 36, 'Щигры'),
(1435, 35, 'Щучье'),
(1441, 15, 'Эртиль'),
(1443, 78, 'Югорск'),
(1444, 19, 'Южа'),
(1446, 16, 'Южно-Сухокумск'),
(1447, 79, 'Южноуральск'),
(1449, 12, 'Юрьев-Польский'),
(1450, 19, 'Юрьевец'),
(1451, 79, 'Юрюзань'),
(1452, 25, 'Юхнов'),
(1453, 81, 'Ядрин'),
(1455, 73, 'Ялуторовск'),
(1456, 8, 'Янаул'),
(1457, 30, 'Яранск'),
(1458, 4, 'Яровое'),
(1460, 65, 'Ярцево'),
(1461, 71, 'Ясногорск'),
(1462, 50, 'Ясный'),
(1463, 43, 'Яхрома'),
(1467, 86, 'Алупка'),
(1468, 86, 'Алушта'),
(1469, 86, 'Армянск'),
(1470, 86, 'Бахчисарай'),
(1471, 86, 'Белогорск (Крым)'),
(1472, 86, 'Джанкой'),
(1473, 86, 'Евпатория'),
(1474, 87, 'Инкерман'),
(1475, 68, 'Иннополис'),
(1476, 86, 'Керчь'),
(1477, 23, 'Краснознаменск (Калининградская область)'),
(1478, 86, 'Красноперекопск'),
(1479, 6, 'Мирный (Архангельская область)'),
(1480, 23, 'Озерск (Калининградская область)'),
(1481, 86, 'Саки'),
(1482, 87, 'Севастополь'),
(1483, 86, 'Симферополь'),
(1484, 86, 'Старый Крым'),
(1485, 86, 'Судак'),
(1486, 5, 'Циолковский'),
(1487, 86, 'Феодосия'),
(1488, 86, 'Щелкино'),
(1489, 86, 'Ялта');

-- --------------------------------------------------------

--
-- Структура таблицы `funnel_currency`
--

CREATE TABLE `funnel_currency` (
  `currency_id` int(11) NOT NULL,
  `currency_name` varchar(3) DEFAULT NULL
) ENGINE=InnoDB DEFAULT CHARSET=utf8;

--
-- Дамп данных таблицы `funnel_currency`
--

INSERT INTO `funnel_currency` (`currency_id`, `currency_name`) VALUES
(1, 'USD'),
(2, 'EUR'),
(3, 'RUR');

-- --------------------------------------------------------

--
-- Структура таблицы `funnel_customer`
--

CREATE TABLE `funnel_customer` (
  `customer_id` int(11) NOT NULL,
  `customer_llc` varchar(15) DEFAULT NULL,
  `customer_name` varchar(150) DEFAULT NULL,
  `customer_city` int(5) DEFAULT NULL,
  `cust_cont_name` varchar(30) DEFAULT NULL,
  `customer_cont` varchar(30) DEFAULT NULL,
  `customer_email` varchar(30) DEFAULT NULL
) ENGINE=InnoDB DEFAULT CHARSET=utf8;

--
-- Дамп данных таблицы `funnel_customer`
--

INSERT INTO `funnel_customer` (`customer_id`, `customer_llc`, `customer_name`, `customer_city`, `cust_cont_name`, `customer_cont`, `customer_email`) VALUES
(1, '4501124540', 'ООО Эверест', 109, 'Егоров Максим Валерьевич', '+7949494444', NULL),
(2, '5921002018', '	АО ЧМЗ', 249, NULL, NULL, NULL),
(3, '7704799946', 'ЗАО Верхнекамская Калийная Компания', 249, NULL, NULL, NULL),
(4, '5904001952', 'АО ВНИИ ГАЛУРГИИ', 249, 'Купатов Алексей Егорович', '+7757567638', NULL),
(5, '7414000495', 'МУПТ ВОДОКАНАЛ МО', 346, NULL, NULL, NULL),
(6, '6612045778', 'ОАО \"Каменск-Уральская типография\"', 294, NULL, NULL, NULL),
(7, '6674239607', '\"Свэл-Силовые Трансформаторы\" ООО', 292, 'Васильев Иван Иванович', '+79223333444', '111@svel.ru'),
(8, '6664003916', 'НИЗМК АО', 292, '', '', ''),
(9, '8905017904', 'УСЗН города Ноябрька', 361, '', '', ''),
(10, '7204006878', 'ТИПК МВД России', 329, '', '', ''),
(11, '6658076955', 'ГУ МВД России по Свердловской области', 292, '', '', ''),
(12, '6671004357', 'ООО \"БАГИРА-РЕКЛАМА\"', 292, '', '', ''),
(13, '8901036328', 'ГБУ ЯНАО Государственная кадастровая оценка', 1177, '', '', ''),
(14, '7405000428', 'ФГУП \"Приборостроительный завод\"', 1321, '', '', ''),
(15, '6627000770', 'ПАО РЗ ОЦМ', 300, '', '', ''),
(16, '6658524597', 'ООО КопиГрад', 292, '', '', ''),
(17, '1658087524', 'ООО Запсибнефтемхим', 330, '', '', ''),
(18, '7736050003', 'ПАО \"Газпром\"', 365, '', '', ''),
(19, '6671163413', 'ОАО \"МРСК Урала\"', 292, '', '', ''),
(20, '7203220244', 'УМВД России по г. Тюмень', 329, '', '', ''),
(21, '7415031922', 'Администрация Миасского городского округа', 349, '', '', ''),
(22, '7202172220', 'ГАУ ТО \"ОЦЗВС \"Жемчужина Сибири\" ', 329, '', '', ''),
(23, '5902183841', 'АО \"ГАЗПРОМ ГАЗОРАСПРЕДЕЛЕНИЕ ПЕРМЬ\"', 249, '', '', ''),
(24, '7205011944', 'СУЭНКО ПАО', 329, '', '', ''),
(25, '7702521529', 'Технониколь-Строительные Системы ООО', 365, '', '', ''),
(26, '5902291452', 'ФБУН ФНЦ медико-профилактических технологий управления рисками здоровью населения\"', 249, '', '', ''),
(27, '5904001110', 'Пермнефтегеофизика ПАО', 249, '', '', ''),
(28, '7453041664', 'ФГБОУ ВО \"Юурггпу\"', 346, '', '', ''),
(29, '6659014366', 'ФГБОУ ВО Ургупс', 292, '', '', ''),
(30, '7202063422', 'Избирательная комиссия Тюменской области', 329, '', '', ''),
(31, '8911017194', 'Пургеофизика ООО', 329, '', '', ''),
(32, '7203162698', 'ФОРТУМ ПАО', 346, '', '', ''),
(33, '666203051856', 'ИП Попов Иван Николаевич', 292, '', '', ''),
(34, '5902290272', 'ГКБУК \"Пермский театр оперы и балета им. П.И.Чайковского\"', 249, '', '', ''),
(35, '5902290064', 'ГКБУК \"Пгкуб им. А.М.Горького\" ', 249, '', '', ''),
(36, '7460023747', 'МУП ЦОДОО', 346, '', '', '');

-- --------------------------------------------------------

--
-- Структура таблицы `funnel_dep`
--

CREATE TABLE `funnel_dep` (
  `dep_id` int(11) NOT NULL,
  `dep_desc` varchar(35) DEFAULT NULL
) ENGINE=InnoDB DEFAULT CHARSET=utf8;

--
-- Дамп данных таблицы `funnel_dep`
--

INSERT INTO `funnel_dep` (`dep_id`, `dep_desc`) VALUES
(1, 'Печ. техника и РМ'),
(2, 'Комп. и мониторы'),
(3, 'Сетевые решения'),
(4, 'Инженерные системы'),
(5, 'Инфр. решения и ЦОД'),
(6, 'Комп. и Перс решения'),
(7, 'Бытовая эл. техника');

-- --------------------------------------------------------

--
-- Структура таблицы `funnel_list`
--

CREATE TABLE `funnel_list` (
  `list_id` int(11) NOT NULL,
  `list_jdate` date DEFAULT NULL,
  `list_pnb` int(11) NOT NULL,
  `list_pnm` int(11) NOT NULL,
  `list_cnm` int(11) NOT NULL,
  `list_cllc` int(11) NOT NULL,
  `list_vendor` int(11) DEFAULT NULL,
  `list_rdate` date DEFAULT NULL,
  `list_amount` int(11) DEFAULT NULL,
  `list_curr` int(11) NOT NULL,
  `list_chance` int(11) NOT NULL,
  `list_status` int(11) NOT NULL,
  `list_pnum` varchar(50) DEFAULT NULL,
  `list_author` int(11) NOT NULL,
  `list_desc` varchar(150) DEFAULT NULL,
  `list_spec` varchar(50) DEFAULT NULL,
  `list_link` varchar(250) DEFAULT NULL,
  `list_old` tinyint(1) DEFAULT '0'
) ENGINE=InnoDB DEFAULT CHARSET=utf8;

--
-- Дамп данных таблицы `funnel_list`
--

INSERT INTO `funnel_list` (`list_id`, `list_jdate`, `list_pnb`, `list_pnm`, `list_cnm`, `list_cllc`, `list_vendor`, `list_rdate`, `list_amount`, `list_curr`, `list_chance`, `list_status`, `list_pnum`, `list_author`, `list_desc`, `list_spec`, `list_link`, `list_old`) VALUES
(1, '2019-05-08', 15, 15, 9, 9, 73, '2019-06-30', 170688, 3, 4, 2, '', 9, '', '', '', 0),
(2, '2019-05-08', 175, 175, 4, 4, 34, '2019-05-21', 651505, 3, 10, 4, '04КЗ0535288', 8, '', '1557319399_ibl_галургия.xlsx', '', 1),
(3, '2019-05-08', 113, 113, 10, 10, 35, '2019-06-30', 7190000, 3, 9, 3, '04КЗ0537814', 8, '60 дней отсрочки', '1557320594_ПТП_ТИПК_МВД_15032019.xlsx', '', 0),
(4, '2019-05-08', 63, 63, 11, 11, 30, '2019-05-30', 615000, 3, 10, 3, '', 8, '', '1557321237_АНТ_МВД_СО.xlsx', 'http://zakupki.gov.ru/epz/order/notice/ea44/view/common-info.html?regNumber=0162100021319000016', 1),
(5, '2019-05-08', 162, 162, 12, 12, 37, '2019-05-31', 230000, 3, 10, 4, '', 8, '', '1557322151_ДП_Багира.xlsx', '', 1),
(6, '2019-05-08', 15, 15, 13, 13, 30, '2019-05-15', 102000, 3, 10, 4, '04КЗ0535512', 8, 'Отчет на ПТП', '1557324474_мега_ГКО.xlsx', '', 1),
(7, '2019-05-08', 22, 22, 14, 14, 34, '2019-07-31', 2530000, 3, 5, 2, '', 8, '', '1557326211_пейджерком-псз.xlsx', 'http://zakupki.gov.ru/223/purchase/public/purchase/info/common-info.html?noticeInfoId=9393279&epz=true&style44=false', 1),
(8, '2019-05-08', 37, 37, 15, 15, 34, '2019-05-31', 308460, 3, 1, 5, '', 8, '', '1557326713_фД_РЗ_ОЦМ.xlsx', '', 1),
(9, '2019-05-08', 162, 162, 16, 16, 34, '2019-06-28', 120400, 3, 10, 4, '', 8, '', '1557327546_ДП_Копиград.xlsx', '', 1),
(10, '2019-05-13', 1, 1, 17, 17, 73, '2019-06-30', 755700, 3, 10, 3, 'КВ205963', 9, '', '1557730399_42167000#1_CRONA-CS_SIBUR KHOLDING,_per', '', 0),
(11, '2019-05-13', 171, 171, 18, 18, 73, '2019-07-31', 921600, 3, 3, 2, '', 9, '', '', 'https://etp.gpb.ru/#nsi/priceorder/directSupplier/orderId/96013/supplierId/188324', 0),
(12, '2019-05-16', 55, 55, 19, 19, 34, '2019-05-21', 480000, 3, 10, 4, '', 8, 'MiCard Plus V2 - 40 шт.', '', '', 1),
(13, '2019-05-16', 175, 175, 4, 4, 37, '2019-05-28', 260886, 3, 9, 3, '', 8, '', '1557996474_ibl_галургии.xlsx', '', 1),
(14, '2019-05-21', 146, 146, 20, 20, 34, '2019-06-10', 385335, 3, 7, 3, '04КЗ0537573', 8, 'Отчет на Энерготехнику', '1558443675_itg_УЬВД_Тюм.xlsx', '', 1),
(15, '2019-05-22', 63, 63, 21, 21, 34, '2019-05-31', 205000, 3, 10, 3, '04КЗ0537805 (КВ20699)', 8, '', '1558527812_АНТ421-25.xlsx', '', 1),
(16, '2019-05-24', 113, 113, 22, 22, 34, '2019-06-30', 288142, 3, 5, 2, '', 8, '', '1558689414_Жемчужина Сибири OIP 230519 (002).xlsm', '', 1),
(17, '2019-05-24', 175, 175, 23, 23, 34, '2019-06-30', 1191135, 3, 5, 2, '', 8, '', '1558689607_Газпром Газораспределение Пермь OIP 220', '', 1),
(18, '2019-05-24', 15, 15, 24, 24, 37, '2019-06-30', 307750, 3, 5, 2, '', 8, 'Отчет на Деловой партнер', '1558691049_Суэнко_LFP_210519.xlsm', '', 1),
(19, '2019-05-24', 42, 42, 25, 25, 37, '2019-06-01', 155000, 3, 5, 2, '', 8, 'Отчет на Энерготехнику', '1558691304_Технониколь-Строительные_Системы.xlsm', '', 1),
(20, '2019-05-24', 175, 175, 26, 26, 34, '2019-06-26', 256250, 3, 5, 2, '', 8, '', '1558691915_ФНЦМТУРЗН.xlsm', '', 1),
(21, '2019-05-24', 109, 109, 27, 27, 37, '2019-06-21', 288890, 3, 5, 2, '', 8, '', '1558692209_Пермьнефтегеофизика.xlsm', '', 1),
(22, '2019-05-24', 63, 63, 28, 28, 34, '2019-06-06', 244800, 3, 8, 3, '04КЗ0538218 (КВ206999)', 8, '1000472663 2222C008 MF421dw 12шт. - 20400 руб. шт.', '', '', 1),
(23, '2019-05-24', 55, 55, 29, 29, 34, '2019-06-30', 775000, 3, 5, 1, '', 8, '', '1558694021_УрГУПС.xlsm', '', 1),
(24, '2019-05-24', 7, 7, 30, 30, 34, '2019-07-31', 790000, 3, 3, 1, '', 8, 'Много конкурентов - вероятность не высока', '1558695424_Избирательная_комиссия_ТО.xlsm', '', 1),
(25, '2019-07-15', 113, 113, 31, 31, 37, '2019-10-30', 202000, 3, 9, 3, '', 8, '2443C003  iPF TX-3000', '', '', 0),
(26, '2019-07-15', 113, 113, 32, 32, 39, '2019-09-30', 2125000, 3, 8, 3, '', 8, '', '1563193151_фортум.xlsx', '', 0),
(27, '2019-07-15', 162, 162, 33, 33, 34, '2019-08-31', 940000, 3, 5, 2, '', 8, 'C3520 - 10 шт.', '', '', 0),
(28, '2019-07-15', 27, 27, 34, 34, 34, '2019-09-30', 1032000, 3, 5, 2, '', 8, '', '1563193988_гармония_ПТОБ.xlsm', '', 0),
(29, '2019-07-15', 175, 175, 35, 35, 34, '2019-08-14', 1045000, 3, 9, 3, '', 8, '', '1563195451_ПГКУБ_ГОРЬКОГО.xlsm', '', 0),
(30, '2019-07-15', 63, 63, 36, 36, 34, '2019-08-28', 388000, 3, 5, 2, '', 8, '', '1563196653_AHT_ЦОДОО.xlsm', '', 0),
(31, '2019-07-15', 55, 55, 19, 19, 34, '2019-08-31', 4840000, 3, 5, 2, '', 8, 'Много конкурентов - шансы средние.', '1563197631_север_МРСК.xlsm', '', 0);

-- --------------------------------------------------------

--
-- Структура таблицы `funnel_manufacturer`
--

CREATE TABLE `funnel_manufacturer` (
  `vendor_id` int(11) NOT NULL,
  `vendor_line` varchar(3) DEFAULT NULL,
  `vendor_name` varchar(30) DEFAULT NULL
) ENGINE=InnoDB DEFAULT CHARSET=utf8;

--
-- Дамп данных таблицы `funnel_manufacturer`
--

INSERT INTO `funnel_manufacturer` (`vendor_id`, `vendor_line`, `vendor_name`) VALUES
(1, 'ACP', 'ACER (Projectors)'),
(2, 'ACR', 'ACER (Notebooks)'),
(3, 'ADP', 'Adaptec'),
(4, 'AMD', 'AMD'),
(5, 'AMP', 'AMP'),
(6, 'APC', 'APC'),
(7, 'AQU', 'Aquarius'),
(8, 'ASL', 'ASUS (Networks)'),
(9, 'ASM', 'ASUS (Monitors)'),
(10, 'ASN', 'ASUS (Notebooks)'),
(11, 'ASP', 'ASUS (PC)'),
(12, 'ASS', 'ASUS (Server)'),
(13, 'AST', 'ASUS (Tablet PC)'),
(14, 'ASU', 'ASUS'),
(15, 'ASV', 'ASUS (VGA)'),
(16, 'ATN', 'ATEN'),
(17, 'AUC', 'AudioCodes'),
(18, 'AVA', 'AVAYA'),
(19, 'AVD', 'Extreme'),
(20, 'BAY', 'AVAYA'),
(21, 'BCS', 'Bosch Security Systems'),
(22, 'BIN', 'Bosch Security Systems'),
(23, 'BNV', 'Neff'),
(24, 'BPA', 'Bosch Security Systems'),
(25, 'BTC', 'Legrand (Btchino)'),
(26, 'BVS', 'Bosch Security Systems'),
(27, 'CAP', 'Canon (Projectors)'),
(28, 'CBR', 'Cyberpower'),
(29, 'CDP', 'CISCO (DDP)'),
(30, 'CDS', 'Canon (D.Scaners)'),
(31, 'CLM', 'Cooler Master'),
(32, 'CNP', 'CISCO (DDP CBN)'),
(33, 'CPI', 'Canon (Printers INK)'),
(34, 'CPL', 'Canon (Printers Laser)'),
(35, 'CPP', 'Canon (Printers ProPrint)'),
(36, 'CPT', 'CheckPoint'),
(37, 'CPW', 'Canon (LFP)'),
(38, 'CSI', 'Canon (Supplies INK)'),
(39, 'CSL', 'Canon (Supplies Laser)'),
(40, 'CSP', 'CISCO (DDP Small Business)'),
(41, 'CSS', 'Canon (Supplies ProPrint)'),
(42, 'CPP', 'Canon (ProPrint)'),
(43, 'CSW', 'Canon (Supplies INK LF)'),
(44, 'CTX', 'Citrix'),
(45, 'DAL', 'Dallmeier'),
(46, 'DCL', 'DELL (PC)'),
(47, 'DCW', 'DELL (PC)'),
(48, 'DEL', 'DELL (Servers&Storages)'),
(49, 'DHA', 'Dahua'),
(50, 'DMO', 'DELL (Monitors)'),
(51, 'DNB', 'DELL (Notebooks)'),
(52, 'DYD', 'DYSON'),
(53, 'EMC', 'EMC'),
(54, 'EPI', 'Epson (Printers INK)'),
(55, 'EPL', 'Epson (Printers Laser)'),
(56, 'EPP', 'EPSON'),
(57, 'ESI', 'Epson (Supplies INK)'),
(58, 'ESM', 'Schneider'),
(59, 'EST', 'Legrand (Estap)'),
(60, 'EXN', 'Extreme'),
(61, 'EXS', 'Extreme'),
(62, 'FNK', 'Kern'),
(63, 'FNN', 'Kern'),
(64, 'FPP', 'FSP'),
(65, 'FPP', 'FSP'),
(66, 'HP1', 'HP RUS Project 1'),
(67, 'HPC', 'HP Printing Services'),
(68, 'HPD', 'HP (Consumer DT)'),
(69, 'HPE', 'HP (TSG)'),
(70, 'HPG', 'HP S-Printing'),
(71, 'HPH', 'HP (RISC)'),
(72, 'HPI', 'HP (Printers INK)'),
(73, 'HPL', 'HP (Printers Laser)'),
(74, 'HPM', 'HP (PSG, Notebooks)'),
(75, 'HPN', 'HP (Networking)'),
(76, 'HPP', 'HP (PSG)'),
(77, 'HPR', 'HP (RISC)'),
(78, 'HPS', 'HP (Support)'),
(79, 'HPV', 'HP (Pavilion)'),
(80, 'HPW', 'HP (LFP)'),
(81, 'HPY', 'HP (PSG Services)'),
(82, 'HSG', 'HP (S-Supplies)'),
(83, 'HSI', 'HP (Supplies INK)'),
(84, 'HSL', 'HP (Supplies Laser)'),
(85, 'HSW', 'HP (Supplies INK LF)'),
(86, 'IBI', 'IBM (Service Local)'),
(87, 'IBP', 'IBM (pSeries Servers)'),
(88, 'IBS', 'IBM (Storage Systems)'),
(89, 'IBW', 'IBM (Software)'),
(90, 'IEK', 'ITK'),
(91, 'IFT', 'Infortrend'),
(92, 'IND', 'Intel'),
(93, 'INE', 'Intel (Servers)'),
(94, 'INL', 'Intel (Servers)'),
(95, 'INN', 'Intel (NUC)'),
(96, 'INT', 'Intel'),
(97, 'ITA', 'Intel (SSD)'),
(98, 'ITK', 'ITK'),
(99, 'ITS', 'Intel (SSD)'),
(100, 'JBR', 'Jabra'),
(101, 'JNP', 'Juniper Networks'),
(102, 'KEE', 'KEENETIC'),
(103, 'KNU', 'Knurr'),
(104, 'KRK', 'Spectralink'),
(105, 'KRM', 'KRAMER'),
(106, 'LEG', 'Legrand'),
(107, 'LIE', 'Knurr'),
(108, 'LMC', 'Lexmark Consumables'),
(109, 'LMO', 'Lexmark Equipment'),
(110, 'LMP', 'Lexmark Equipment'),
(111, 'LNA', 'Lenovo (Consumer AiO)'),
(112, 'LND', 'Lenovo (Desktop)'),
(113, 'LNN', 'Lenovo (Notebooks)'),
(114, 'LNS', 'Lenovo (Consumer NB)'),
(115, 'LNX', 'IBM (xSeries Servers)'),
(116, 'LSI', 'LSI'),
(117, 'MER', 'Nortel'),
(118, 'MLX', 'Mellanox'),
(119, 'MNL', 'Minkels'),
(120, 'MOT', 'Motorola'),
(121, 'MOW', 'Extreme'),
(122, 'MOX', 'Moxa'),
(123, 'MSN', 'MSI (Notebooks)'),
(124, 'MSP', 'Microsoft PP'),
(125, 'NSD', 'CIENA'),
(126, 'NTG', 'NETGEAR'),
(127, 'NTP', 'NetApp'),
(128, 'NTX', 'Nutanix'),
(129, 'OST', 'Ostec'),
(130, 'PCM', 'Powercom'),
(131, 'PEL', 'Pelco'),
(132, 'PFU', 'Fujitsu (D.Scaners)'),
(133, 'PMN', 'Crown'),
(134, 'PND', 'Panduit'),
(135, 'PNH', 'Panda'),
(136, 'POL', 'Polycom'),
(137, 'PPD', 'Panasonic (D.Scaners)'),
(138, 'PPI', 'Pantum (Printers)'),
(139, 'PPR', 'Pantum (Supplies)'),
(140, 'PSD', 'СХД Сервис'),
(141, 'PSS', 'СХД Сервис'),
(142, 'QNP', 'QNAP'),
(143, 'QTH', 'Qtech'),
(144, 'QUA', 'Quantum'),
(145, 'RAD', 'RAD'),
(146, 'RHC', 'Ricoh NEQ'),
(147, 'RHL', 'Ricoh EQ'),
(148, 'RHM', 'Ricoh EQ'),
(149, 'RHP', 'Ricoh NEQ'),
(150, 'RHS', 'Ricoh NEQ'),
(151, 'RIC', 'Ricoh (Projectors)'),
(152, 'RIT', 'Rittal'),
(153, 'RWS', 'Ruckus'),
(154, 'SCH', 'Schneider'),
(155, 'SEC', 'Security Code'),
(156, 'SMC', 'Supermicro'),
(157, 'SMD', 'Samsung (Displays)'),
(158, 'SMM', 'Samsung (Monitors)'),
(159, 'SOT', 'Sony'),
(160, 'STA', 'STM'),
(161, 'SYM', 'Symantec'),
(162, 'TAC', 'Schneider'),
(163, 'TBK', 'Panasonic (Toughbooks)'),
(164, 'TPL', 'TP-Link'),
(165, 'TSB', 'Toshiba HDD'),
(166, 'VEE', 'Veeam'),
(167, 'VER', 'Veritas'),
(168, 'VMW', 'VMware'),
(169, 'VRT', 'Veritas'),
(170, 'WAC', 'Wacom'),
(171, 'XRC', 'Xerox HVD Consumables'),
(172, 'XRE', 'Xerox HVD Equipment'),
(173, 'XRS', 'Xerox HVD Consumables'),
(174, 'XVC', 'Xerox GMO Consumables'),
(175, 'XVE', 'Xerox GMO Equipment'),
(176, 'XVS', 'Xerox GMO Consumables'),
(177, 'ZBR', 'Zebra'),
(178, 'ZYX', 'ZyXEL');

-- --------------------------------------------------------

--
-- Структура таблицы `funnel_partner`
--

CREATE TABLE `funnel_partner` (
  `partner_id` int(11) NOT NULL,
  `partner_no` varchar(10) DEFAULT NULL,
  `partner_name` varchar(48) DEFAULT NULL,
  `partner_city` int(5) DEFAULT NULL
) ENGINE=InnoDB DEFAULT CHARSET=utf8;

--
-- Дамп данных таблицы `funnel_partner`
--

INSERT INTO `funnel_partner` (`partner_id`, `partner_no`, `partner_name`, `partner_city`) VALUES
(1, 'К0009323', 'Крона- КС 1', 292),
(2, 'К0075123', 'Терра', 346),
(3, '1003198', 'ЛОГИС', 346),
(4, '1004568', 'СофтЛайн Трейд', 292),
(5, 'К0008649', 'Хост КС', 292),
(6, 'К0008925', 'УЦСБ', 292),
(7, '1000901', 'Арсенал+', 329),
(8, '10728', 'ИВС-СЕТИ', 249),
(9, 'К0008510', 'Диалог-292', 292),
(10, 'К0009470', 'ЮНИТ-Копир', 292),
(11, 'К0042021', 'Энергопромкомплект', 249),
(12, 'К0008516', 'ТРИЛАЙН', 292),
(13, 'К0009165', 'Тринити Урал', 292),
(14, '1008464', 'РемМарк', 342),
(15, 'К0027214', 'МЕГА ', 329),
(16, 'К0071973', 'Ланбург', 292),
(17, 'К0032523', 'Неолит', 292),
(18, 'К0008919', 'Оптивера', 292),
(19, '8003321', 'Арефьев', 249),
(20, 'К0009510', 'Прософт-Системы', 292),
(21, 'К0049674', 'АйТиБокс', 292),
(22, 'К0008715', 'Пейджерком', 346),
(23, 'К0084396', 'Брикс ИТ', 292),
(24, 'К0039768', 'Мастер Трейд', 329),
(25, '1972', 'КАТ Лтд', 329),
(26, '6107', 'ГИС', 292),
(27, 'К0001176', 'Гармония', 249),
(28, 'К0014120', 'Интерсвязь-2', 346),
(29, 'К0023563', 'ЭнергоСтрой', 292),
(30, 'К0008856', 'КИТ', 292),
(31, 'К0008973', 'Уралэнерготел', 292),
(32, '4000188', 'КТТ', 249),
(33, 'К0023225', 'Ланит', 346),
(34, 'К0009143', 'Эльбит', 292),
(35, 'К0036948', 'ММК-Информсервис', 347),
(36, 'К0003618', 'ФИЛАКС', 292),
(37, 'К0008502', 'Форт Диалог-Исеть', 292),
(38, 'К0008664', 'Энерготехника', 346),
(39, 'К0082612', 'Ниалком', 329),
(40, 'К0004537', 'Полифорт', 249),
(41, 'К0116928', 'Паратех', 346),
(42, 'К0088265', 'Рубикон Инфо', 346),
(43, 'К0008690', 'ПАРАД', 292),
(44, 'К0008644', 'Дайвер', 346),
(45, 'К0014086', 'ИТ 4 ВСЕХ', 342),
(46, 'К0001129', 'Реском ВТ', 249),
(47, 'К0041253', 'ТКПФ  Бизнес Линии', 360),
(48, 'К0043369', 'ИТ Профессиональные Решения', 249),
(49, 'К0005743', 'Открытые технологии', 292),
(50, 'К0027445', 'Дельта-Паритет', 292),
(51, 'К0042005', 'МПК Первый', 329),
(52, 'К0071448', 'Перспектива', 292),
(53, 'К0008829', 'ЭСТИ', 292),
(54, 'К0069610', 'Инж. сети-Интеграция', 346),
(55, 'К0023859', 'Компания  Север', 292),
(56, 'К0010043', 'Корекс', 109),
(57, 'К0050049', 'НекстИнфо', 329),
(58, 'К0071592', 'ЭлСи Интеграция', 249),
(59, '4000262', 'Стайл', 250),
(60, 'К0080839', 'СК Графические системы', 292),
(61, '8003038', 'ТехИнфоТрейд', 249),
(62, 'К0049688', 'АйТи+', 329),
(63, 'К0040016', 'ИП Клепиков Е.А.', 346),
(64, 'К0112463', 'ЭКО-ДЭЙТ', 249),
(65, 'К0001161', 'Принт-Сервис', 292),
(66, 'К0088694', 'ИП Козодеев А. И.', 329),
(67, '71', 'Корус АКС', 292),
(68, 'К0049058', 'АЛЬФА-СБ', 292),
(69, 'К0071220', 'ИТ-Инжиниринг', 292),
(70, '8002887', 'ИТ-Сервис', 249),
(71, 'К0001097', 'ДИДЖИТЕК', 292),
(72, 'К0001089', 'Вист-Ком', 346),
(73, 'К0043759', 'Уралспецтеплоремонт', 292),
(74, 'К0023025', 'Альтекс', 329),
(75, 'К0010464', 'ИнтеллектСтрой', 249),
(76, 'К0109535', 'Арксайд', 292),
(77, 'К0008940', 'КТС2', 346),
(78, 'К0121798', 'Компьютерные Решения', 329),
(79, '8003434', 'Випакс', 249),
(80, 'К0009311', 'КомЮнити', 342),
(81, 'К0072302', 'СувенирОптИмпорт', 292),
(82, 'К0018645', 'АльянсКомплект', 292),
(83, 'К0005256', 'Электротехпром', 249),
(84, 'К0008767', 'ДатаКрат-Е', 292),
(85, 'К0009411', 'Вимком-Оптик', 292),
(86, 'К0094025', 'МС - Технологии', 292),
(87, 'К0001165', 'Вектра-Линк', 292),
(88, 'К0008938', 'Авеон', 292),
(89, 'К0083243', 'Арвис', 346),
(90, 'К0037565', 'Трэнд', 292),
(91, 'К0001150', 'ЦИФРОВОЙ МИР', 249),
(92, 'К0093240', 'Сибпромавтоматика', 329),
(93, 'К0044591', 'Инфраструктура ТК', 249),
(94, 'К0008874', 'НАГ', 292),
(95, 'К0046886', 'Технобыт ', 329),
(96, 'К0014546', 'Актеон', 249),
(97, 'К0008821', 'Урал-Бюро Е.С.М', 292),
(98, 'К0093287', 'Открытие', 329),
(99, 'К0031932', 'Репорт', 249),
(100, 'К0028392', 'Юнит Трейд', 250),
(101, 'К0078497', 'Сибспецавтоматика', 292),
(102, '1000645', 'Джэт', 292),
(103, 'К0074004', 'Поставка решений', 346),
(104, '8002765', 'Корпор. Информ. Техн', 249),
(105, 'К0028469', 'Андрияшкин С. М. ', 342),
(106, 'К0008688', 'УЦПТ', 292),
(107, 'К0008643', 'Алиас', 346),
(108, 'К0076190', 'АБИС-ТРЕЙД ', 342),
(109, 'К0077114', 'Трио груп', 249),
(110, 'К0114685', 'ОТКРЫТЫЕ ТЕХНОЛОГИИ’98', 292),
(111, 'К0008689', 'ТехноСтайл', 292),
(112, 'К0028504', 'Он-Лайн Урал', 292),
(113, 'К0025997', 'ПТП ', 329),
(114, 'К0051199', 'КОМТЕХ', 293),
(115, 'К0009058', 'Дико групп', 292),
(116, 'К0009674', 'СКС', 292),
(117, 'К0110992', 'ИТ-Флагман', 292),
(118, '8001415', 'Эко-Дейт', 249),
(119, 'К0002007', 'ОнЛайн Трейд', 292),
(120, 'К0024136', 'Айтигро', 292),
(121, 'К0012859', 'Томилова А. Г.', 249),
(122, 'К0077212', 'Сервиспоставка', 292),
(123, 'К0043794', 'Кристалл Солнечный', 1177),
(124, 'К0022742', 'КМ-сервис', 292),
(125, '7658', 'Техсоюз ', 342),
(126, 'К0027671', 'Ю-Принт', 249),
(127, 'К0050904', 'КИТ', 292),
(128, 'К0027592', 'Адмирал', 249),
(129, '8001596', 'Лемакс', 1410),
(130, 'К0071053', 'Ай Ти комплектация', 292),
(131, 'К0035702', 'Риан К', 249),
(132, 'К0001167', 'Акваком', 349),
(133, '8002841', 'Прайд', 249),
(134, 'К0031881', 'ИнфоКуб', 249),
(135, '11063', 'ЛПКОМ ', 342),
(136, 'К0018247', 'Радькова Е.А. ', 344),
(137, 'К0008817', 'ЗСНС  ', 329),
(138, 'К0009134', 'Большие Системы', 292),
(139, 'К0083329', 'ДИВ ТРЕЙД', 292),
(140, 'К0039434', 'ИТ-Прайм', 292),
(141, 'К0036872', 'Ростехно', 249),
(142, 'К0008680', 'Комтехцентр', 292),
(143, 'К0037830', 'ИТ Дистрибуция', 346),
(144, 'К0018016', 'Мир Офисных Машин', 346),
(145, 'К0010528', 'ГАРДИАН', 249),
(146, 'К0045740', 'АйТиДжи ', 329),
(147, 'К0008675', 'СистемсХаус', 292),
(148, 'К0087045', 'ПРостелеком', 292),
(149, 'К0026403', 'Меткомтрейд', 292),
(150, 'К0038966', '329Маркет', 329),
(151, 'К0009115', 'МБК ', 109),
(152, 'К0011508', 'Гравитон', 292),
(153, 'К0019250', 'ФГУП ЦентрИнформ', 292),
(154, 'К0008550', 'Тэкинком', 292),
(155, 'К0018927', 'Астра  ', 329),
(156, '8001688', 'Ташкинов И.А.', 249),
(157, '1002374', 'МИКРОТЕСТ', 292),
(158, 'К0008710', 'Орсер', 292),
(159, 'К0050976', 'УГМК-Телеком', 515),
(160, 'К0010455', 'Армо-Урал', 292),
(161, 'К0038454', 'СК Астория ', 329),
(162, 'К0107262', 'Деловой Партнер', 292),
(163, 'К0050277', 'ЮНИТОН', 292),
(164, 'К0103309', 'АльянС-Про', 329),
(165, 'К0008876', 'РТК', 346),
(166, 'К0043552', 'НПФ Новые технологии', 346),
(167, 'К0009029', 'Квадрум', 292),
(168, 'К0114637', 'Эл Гранд', 249),
(169, 'К0016725', 'Техноритейл', 346),
(170, 'К0028740', 'НЦАИС ', 344),
(171, 'К0035624', 'Меркурий', 292),
(172, 'К0029960', 'МСТ', 292),
(173, 'К0027559', 'ОООСитиПлан', 249),
(174, '8003438', 'Декада', 249),
(175, 'К0080988', 'Индастриал Бизнес Лайн Сервис', 249),
(176, 'К0107443', 'Холдинг Кабельный Альянс', 292),
(177, '8001776', 'Развитие', 254),
(178, 'К0036257', 'Ин Нова ', 329),
(179, 'К0036525', 'Интерком ', 329),
(180, 'К0036489', 'Риланс', 292),
(181, '8002995', 'Инси', 249),
(182, 'К0008666', 'Салон ВТ', 346),
(183, 'К0107071', 'РОБИТЭКС', 292),
(184, 'К0029177', 'МСО ', 926),
(185, 'К0005665', 'Эр-Стайл Урал', 292),
(186, 'К0099635', 'Энксо Груп', 292),
(187, 'К0099776', 'АДАМАНТ', 249),
(188, 'К0024482', 'К-систем ', 343),
(189, 'К0008751', 'Сириус', 346),
(190, 'К0025895', 'Полиграфика ', 329),
(191, '8002514', 'Пром-А', 249),
(192, 'К0029598', '329Связь ', 329),
(193, 'К0016771', 'ИНИТ-ПК', 292),
(194, 'К0083721', 'Интеллект Сити', 342),
(195, 'К0037764', 'Объед. инженерные решения', 292),
(196, 'К0009450', 'Сектор-Групп', 346),
(197, 'К0008913', 'НТЦ КС', 346),
(198, 'К0008916', 'Техсистемс', 346),
(199, 'К0001174', 'Оптимальные Сетевые решения', 292),
(200, 'К0102111', 'Новаком', 292),
(201, 'К0074303', 'РЗА-Сервис', 292),
(202, 'К0028989', 'Асгард', 249),
(203, 'К0119189', 'Эдфор Систем', 346),
(204, 'К0017718', 'РегионГрупп', 346),
(205, 'К0072402', 'Авангард', 346),
(206, 'К0100226', 'ПРОМИМПЭКС', 249),
(207, 'К0114767', 'Логика', 329),
(208, 'К0016306', 'Интеллиум', 292),
(209, 'К0108222', 'Компания ТехноПол', 249),
(210, 'К0076490', 'Лебедев', 346),
(211, 'К0074571', 'Юнит-Партнёр', 292),
(212, 'К0022390', 'Рудфор ', 342),
(213, '2239', 'Дисплей Балтика', 292),
(214, '1003990', 'Интерсист', 249),
(215, '9001496', 'Открытые технологии98', 292),
(216, '8001875', 'Т-Статус', 249),
(217, 'К0013123', 'Урал-Максима ', 297),
(218, 'К0001159', 'Сис-Мастер', 249),
(219, 'К0084964', 'Лансайд', 329),
(220, 'К0072172', 'Цифровой век ', 344),
(221, 'К0025952', 'ГрандТелеком ', 329),
(222, 'К0016285', 'АйТи-Проф  ', 329),
(223, 'К0044530', 'ИТ-Центр', 249),
(224, 'К0048462', 'АБТ 21 век', 292),
(225, 'К0077407', 'ТБК-ЭНЕРГО', 249),
(226, 'К0009008', 'Формула Безопасности', 292),
(227, 'К0013797', 'Система-Про', 346),
(228, 'К0124926', 'ДиЛ', 292),
(229, 'К0048920', 'Нью Медиа  ', 329),
(230, 'К0013311', 'Нефтеком ', 329),
(231, 'К0115893', 'ПРОМЭЛЕКТРОМОНТАЖ-СТН', 292),
(232, 'К0107539', 'Крепар', 249),
(233, 'К0012998', 'РДМ-347', 347),
(234, '8002132', 'Дело Техники', 249),
(235, 'К0083537', 'Смарт Инжиниринг', 292),
(236, 'К0117490', 'Студия 16', 292),
(237, 'К0117224', 'НЗРРТА', 344),
(238, 'К0024259', 'РОСЭК', 292),
(239, 'К0008937', 'Ньютон', 346),
(240, 'К0115889', 'РИЗО-Сервис', 346),
(241, 'К0008891', 'Джант 3', 346),
(242, 'К0008926', 'Информ решения', 346),
(243, 'К0019316', 'ГРИНЛАЙН ', 329),
(244, 'К0046642', 'Титов А.Е.', 249),
(245, 'К0111129', 'ТД  АГАСИ', 329),
(246, 'К0015503', 'АйДи-Электро', 292),
(247, 'К0047991', 'ПРОЛАЙН Системы Безопасности', 292),
(248, 'К0017841', 'Айдеко', 292),
(249, 'К0109550', 'АЙТИ СТАРТ', 292),
(250, 'К0034811', 'АВ трэйд', 292),
(251, 'К0044325', 'Эскейп ', 329),
(252, 'К0084333', 'Урал-Дистрибуция', 346),
(253, 'К0009179', 'РегионКАД ', 329),
(254, 'К0016550', 'ЛИСТ ', 329),
(255, 'К0112141', 'Осмин', 292),
(256, 'К0042104', 'Лимарк', 292),
(257, 'К0080448', 'ПермЭлектроКомплектация', 249),
(258, 'К0008998', 'ТФБИ ', 329),
(259, 'К0026483', 'АльфаМега', 292),
(260, 'К0008812', 'ИНЭКС-техника ', 329),
(261, 'К0101161', 'Вега-Интеграция', 292),
(262, 'К0017069', 'Компания Медиа Плюс', 292),
(263, 'К0114751', 'Мебель Маркет', 346),
(264, 'К0110843', 'ТЕХИНФОТОРГ', 292),
(265, 'К0094013', 'КСИТ', 346),
(266, 'К0028885', 'Смарт', 346),
(267, 'К0047921', 'Информо', 249),
(268, 'К0028244', 'Айком ', 329),
(269, 'К0001170', 'Квантум-Си', 346),
(270, '4000186', 'Контраст', 249),
(271, 'К0022294', 'Интегрос', 346),
(272, 'К0045231', 'Датател-Урал', 292),
(273, 'К0036631', 'Деловые Системы ', 343),
(274, 'К0008968', 'МКК', 292),
(275, 'К0018243', 'СибКопирСервис ', 292),
(276, 'К0049129', 'А-Кей ', 329),
(277, 'К0117651', 'СМП Горремстрой', 292),
(278, 'К0013375', 'Сталкер', 347),
(279, 'К0012770', 'Урал-Минольта', 292),
(280, 'К0024790', 'ИНФАТЕК', 249),
(281, 'К0037351', 'Ай-Ти 72  ', 329),
(282, 'К0121509', 'МедиаКонтэ', 249),
(283, 'К0072215', 'ИП Острожной Д.А. ', 343),
(284, 'К0013550', 'СП-Компьютер', 292),
(285, 'К0033636', 'ЭТК-Парма', 249),
(286, 'К0017176', 'Тик', 292),
(287, 'К0075105', 'ИНТЕКС ГРУПП', 292),
(288, '8003424', 'Дистар Трейд', 249),
(289, 'К0008931', 'ГрандМаркет ', 329),
(290, 'К0090255', 'ЭлЮнит', 346),
(291, 'К0109883', 'ИП Каменских Д.А.', 329),
(292, 'К0083137', 'Микандо ', 329),
(293, 'К0009096', 'Эврисейл ', 329),
(294, 'К0109884', 'ИП Кокарев Д.М.', 329),
(295, 'К0098987', 'АЛАРМ', 346),
(296, 'К0043162', 'ИП Блинова С. В. ', 329),
(297, 'К0084174', 'Парсист', 346),
(298, 'К0018216', 'КТМ', 292),
(299, 'К0024730', 'Электрические технологии', 292),
(300, 'К0008964', 'КОНСТАНТА', 346),
(301, 'К0009469', 'Эксклюзив ', 329),
(302, 'К0038681', 'Европейский дом', 292),
(303, 'К0077678', 'НЕОТЕК', 249),
(304, 'К0010152', 'Энрима', 249),
(305, 'К0110122', 'КИПЕР СБ', 292),
(306, 'К0017391', 'Центр-СБ ', 329),
(307, 'К0047291', 'Инсайт-Лизинг', 346),
(308, 'К0039008', 'Логистика', 346),
(309, 'К0017949', 'Полином  ', 342),
(310, 'К0043393', 'Итерра ', 249),
(311, 'К0096666', 'Агентство защиты информации', 292),
(312, 'К0103256', 'СОФЬИНТРЕЙД', 249),
(313, 'К0030530', 'СнабДим ', 329),
(314, 'К0038282', 'Промтехобеспечение ', 343),
(315, 'К0009043', 'С-КС', 346),
(316, 'К0082053', 'Губерния', 346),
(317, 'К0051119', 'ТЕЛЕ 2', 346),
(318, 'К0036061', 'Стол Заказов 249', 249),
(319, 'К0117154', 'Компания  ИНРОСТ', 292),
(320, 'К0095561', 'ИП Силантьев А.В.', 346),
(321, 'К0038542', 'Сервис Про ', 329),
(322, 'К0049710', 'Микро-Копир', 292),
(323, 'К0074736', 'УРАЛОРГ-ОПТ', 292),
(324, 'К0008663', 'Зарница', 349),
(325, 'К0079821', 'АВИСТЭН', 292),
(326, 'К0047735', 'Техника Люкс', 346),
(327, 'К0019433', 'Айтико ', 329),
(328, 'К0029752', 'Юнивим ', 329),
(329, 'К0078763', 'Интерпродукт', 329),
(330, 'К0009154', 'Мастер АйТи Трэйд ', 329),
(331, 'К0101251', 'КОМПАНИЯ ЦИФРА', 342),
(332, 'К0028260', 'ИНФОКОМ ', 345),
(333, 'К0119901', 'СпецСтройПроект', 292),
(334, 'К0041476', 'Центр Информ. Технологий ', 329),
(335, 'К0008638', 'Дитрэк', 346),
(336, 'К0018852', 'Автом. Системы и Сервис', 347),
(337, 'К0029223', '+ Альянс ', 329),
(338, 'К0098142', 'РК-Системс', 329),
(339, 'К0108395', 'ИНЕН-Продукт', 249),
(340, 'К0001171', 'Компьютеры и технологии', 346),
(341, 'К0013648', 'Национальные проекты ', 345),
(342, 'К0009756', 'Навигатор', 346),
(343, 'К0014337', 'Бизнес-Логика', 347),
(344, 'К0085937', 'Персональное решение', 329),
(345, 'К0008846', 'Виндекс ', 329),
(346, 'К0044020', 'СпецСтройУрал', 292),
(347, 'К0045752', 'Смарт-Рэк Трейдинг', 292),
(348, 'К0008706', 'Инфолайн', 346),
(349, 'К0039736', '+ Альянс.ИТ ', 329),
(350, 'К0015691', 'Семиком', 346),
(351, 'К0014768', 'ИТ-комплект', 249),
(352, 'К0027321', 'АССА ГРУПП', 329),
(353, 'К0048842', 'Госстандарт', 292),
(354, 'К0076612', 'ВентСервис / Партэк', 342),
(355, 'К0008542', 'Никас', 346),
(356, 'К0104216', 'Дисса', 346),
(357, 'К0111338', 'ИП Стребиж В.Ю.', 292),
(358, 'К0103923', 'ЭкоДок', 292),
(359, 'К0077482', 'Техноторг', 346),
(360, 'К0027917', 'Статус', 347),
(361, 'К0027522', 'КБ-Информ', 329),
(362, '4000220', 'Юлекс', 249),
(363, 'К0087581', 'ИТЭР', 292),
(364, 'К0009930', 'Урал-Интеркард', 292),
(365, 'К0076299', 'Бюро', 343),
(366, 'К0072041', 'МАРИС', 346),
(367, 'К0008717', 'ИнтеркомУрал', 292),
(368, 'К0047292', 'ЭВЕНТУС ', 329),
(369, 'К0027329', 'ТД Центр логистики ', 343),
(370, '9001047', 'Сибинтек', 292),
(371, 'К0008738', 'Инж.центр 2', 346),
(372, 'К0043069', 'ЭнергоКурс', 292),
(373, 'К0047459', 'ЕвроЭнерго', 292),
(374, 'К0079220', 'ИСС УРАЛ', 249),
(375, 'К0008776', 'КГС', 346),
(376, 'К0006349', 'ИНФОТЕХ', 346),
(377, 'К0096678', 'РАМАР', 346),
(378, 'К0075044', 'АйТи-Снабжение ', 343),
(379, 'К0115978', 'ТК Стройсоюз', 292),
(380, 'К0029531', 'Золотник ', 329),
(381, 'К0008942', 'Солярис-Е', 292),
(382, 'К0109641', 'Нордстройкомплект', 249),
(383, 'К0047045', 'КИПЕРСИСТЕМС', 249),
(384, 'К0072408', 'Строительная компания МиР', 249),
(385, 'К0026087', 'Уралмикро ', 329),
(386, 'К0048629', 'ГЕФЕСТ', 346),
(387, 'К0107330', 'Телематика', 343),
(388, 'К0114634', 'Комплексные системы', 346),
(389, 'К0094273', 'Гаруда Групп ', 329),
(390, 'К0041080', 'НВ-Торг  ', 329),
(391, 'К0119924', 'ВВТрейд', 292),
(392, 'К0035537', 'ПРОФИТСФЕРА', 346),
(393, 'К0026060', 'Элист', 346),
(394, 'К0110367', 'Альпина Н', 292),
(395, 'К0102997', 'ФБС+', 292),
(396, 'К0078602', 'Фаворит ', 329),
(397, 'К0009152', 'Проматис2', 346),
(398, 'К0036368', 'КоммерсантЪ ', 329),
(399, 'К0017951', 'КОПИЛЭНД ', 329),
(400, 'К0027449', 'ЭТМ', 292),
(401, 'К0009006', ' ТСБ-Урал', 346),
(402, 'К0041712', 'ТекИнфо  ', 342),
(403, 'К0033120', 'ИНТЕКСА+', 346),
(404, 'К0032026', 'Линпарк', 346),
(405, 'К0014844', 'Ньюком-Сервис', 249),
(406, 'К0016562', 'ТК Аврора', 292),
(407, 'К0104085', 'РС Групп', 292),
(408, 'К0009551', 'Прокси 10', 346),
(409, 'К0008682', 'Арена', 346),
(410, 'К0016369', 'Адитум-Софт', 249),
(411, 'К0008730', 'ИнТорКон', 346),
(412, 'К0070583', 'АВАЛОН ', 345),
(413, 'К0048034', 'ИТ Комплект+ ', 329),
(414, 'К0046851', 'Арт Сети', 346),
(415, 'К0123139', 'Гор. система видеонаблюдения', 329),
(416, 'К0115405', 'ДЕССА', 292),
(417, 'К0032021', 'ТД  ЧелябТрейд', 346),
(418, 'К0008771', 'ТСК', 346),
(419, 'К0110567', 'АГИР', 292),
(420, 'К0024789', 'Модем', 346),
(421, 'К0024743', 'АйТи Плюс ', 329),
(422, 'К0008578', 'МКТ 329 ', 329),
(423, 'К0009181', 'Стринг', 346),
(424, 'К0018809', 'Позитив ', 109),
(425, 'К0120375', 'СК-Трэйд', 329),
(426, 'К0110773', 'Техпрогресс', 346),
(427, 'К0082130', 'С-Сервис', 329),
(428, 'К0009137', 'Омега', 346),
(429, 'К0010729', 'Гранит Информ', 346),
(430, 'К0015818', 'Инженерный сервис', 346),
(431, 'К0084454', 'Индиго ', 329),
(432, 'К0019150', 'АДДАКС', 346),
(433, 'К0009631', 'Полиграф-Центр', 346),
(434, 'К0073935', 'Эскейп', 346),
(435, 'К0009000', 'Абиком', 346),
(436, 'К0112080', 'ИП Долин М.Ю.', 329),
(437, 'К0008899', 'Кэмбэлл', 346),
(438, 'К0082746', 'ОЛИМП', 344),
(439, 'К0108651', '342ская Энергостроит. комп.', 342),
(440, 'К0110484', 'Электротех', 292),
(441, 'К0124285', 'Компания  Мирэлль', 292),
(442, 'К0009522', 'КомПорт2', 346),
(443, 'К0032815', 'ЦМИК', 346),
(444, 'К0110041', 'Аванпост', 346),
(445, 'К0109967', 'ИП Шевченко А.С.', 292),
(446, 'К0080256', 'ПРОГРЕСС  ', 329),
(447, 'К0094243', 'Экстрим безопасность', 292),
(448, 'К0122489', 'Сервис Интегратор', 329),
(449, '8002825', 'УралПром', 249),
(450, 'К0009042', 'Пилигрим-М ', 329),
(451, 'К0071006', 'Ником-Чел', 346),
(452, 'К0115980', 'РЕГИОНКОМ', 292),
(453, 'К0099724', 'ВИНТЕХ', 346),
(454, 'К0105297', 'СПЛАВ', 346),
(455, 'К0081975', 'СИБСК ', 329),
(456, 'К0123422', 'Альтер Вижин', 292),
(457, 'К0106212', 'ТуЛайф', 329),
(458, 'К0015429', 'Астрон-Комфорт', 249),
(459, 'К0085554', 'СТАТУС-Т ', 329),
(460, 'К0039455', 'Фотон-Н', 292),
(461, 'К0104201', 'ЭТК-249', 249),
(462, 'К0008569', 'ГРАНЬ', 292),
(463, 'К0035083', 'Прологика', 346),
(464, 'К0013615', 'Связьсервис', 342),
(465, 'К0038474', 'ПрофКом ', 329),
(466, 'К0085539', 'КПС', 342),
(467, 'К0070111', 'Компания Сайтсофт', 292),
(468, 'К0008983', 'Тессо', 346),
(469, 'К0036436', 'АйТиБи', 346),
(470, 'К0109313', 'Сибирский интегратор', 342),
(471, 'К0009057', 'Ален', 346),
(472, 'К0033453', 'Связьсервискомплект', 292),
(473, 'К0022785', 'АН-24', 292),
(474, 'К0077670', 'ТЕХСНАБ', 346);

-- --------------------------------------------------------

--
-- Структура таблицы `funnel_status`
--

CREATE TABLE `funnel_status` (
  `status_id` int(11) NOT NULL,
  `status_desc` varchar(20) DEFAULT NULL
) ENGINE=InnoDB DEFAULT CHARSET=utf8;

--
-- Дамп данных таблицы `funnel_status`
--

INSERT INTO `funnel_status` (`status_id`, `status_desc`) VALUES
(1, 'Подготовка'),
(2, 'Ожидание торгов'),
(3, 'Размещение'),
(4, 'Отгрузка'),
(5, 'Конкурс проигран'),
(6, 'Купили не у нас'),
(7, 'Архив');

-- --------------------------------------------------------

--
-- Структура таблицы `funnel_user`
--

CREATE TABLE `funnel_user` (
  `user_id` int(11) NOT NULL,
  `username` varchar(32) DEFAULT NULL,
  `password` varchar(40) DEFAULT NULL,
  `join_date` datetime DEFAULT NULL,
  `first_name` varchar(32) DEFAULT NULL,
  `last_name` varchar(32) DEFAULT NULL,
  `department` varchar(40) DEFAULT NULL,
  `user_full` tinyint(1) NOT NULL DEFAULT '0',
  `approwed` tinyint(1) DEFAULT '0',
  `birthdate` date DEFAULT NULL
) ENGINE=InnoDB DEFAULT CHARSET=utf8;

--
-- Дамп данных таблицы `funnel_user`
--

INSERT INTO `funnel_user` (`user_id`, `username`, `password`, `join_date`, `first_name`, `last_name`, `department`, `user_full`, `approwed`, `birthdate`) VALUES
(2, 'test', '40bd001563085fc35165329ea1ff5c5ecbdbbeef', '2019-02-12 01:19:21', 'Тестовый', 'Тест', '1', 2, 1, NULL),
(8, 'akozlov@ocs.ru', '7869a53bd4fbc658d5cb9ec6b348585dd51e0743', '2019-05-08 17:12:56', 'Андрей', 'Козлов', '1', 0, 1, NULL),
(9, 'rabubakirov@ocs.ru', '560f893f47be06dc987724fdccf76fe4b675102c', '2019-05-08 17:16:49', 'Руслан', 'Абубакиров', '1', 0, 1, NULL),
(10, 'akuresha@ocs.ru', '64eae2ec8d391e2fc053ed3e90f194763062b03d', '2019-05-08 19:15:06', 'Анна', 'Куреша', '1', 1, 1, NULL),
(11, 'lfiruleva@ocs.ru', '1012f506e57d731442721bd2310d1d3eac67f203', '2019-05-24 16:23:10', 'Лариса', 'Фирулева', '1', 0, 1, NULL);

--
-- Индексы сохранённых таблиц
--

--
-- Индексы таблицы `funnel_chance`
--
ALTER TABLE `funnel_chance`
  ADD PRIMARY KEY (`chance_id`);

--
-- Индексы таблицы `funnel_city`
--
ALTER TABLE `funnel_city`
  ADD PRIMARY KEY (`city_id`);

--
-- Индексы таблицы `funnel_currency`
--
ALTER TABLE `funnel_currency`
  ADD PRIMARY KEY (`currency_id`);

--
-- Индексы таблицы `funnel_customer`
--
ALTER TABLE `funnel_customer`
  ADD PRIMARY KEY (`customer_id`);

--
-- Индексы таблицы `funnel_dep`
--
ALTER TABLE `funnel_dep`
  ADD PRIMARY KEY (`dep_id`);

--
-- Индексы таблицы `funnel_list`
--
ALTER TABLE `funnel_list`
  ADD PRIMARY KEY (`list_id`),
  ADD KEY `list_vendor` (`list_vendor`),
  ADD KEY `list_curr` (`list_curr`),
  ADD KEY `list_chance` (`list_chance`),
  ADD KEY `list_status` (`list_status`),
  ADD KEY `list_author` (`list_author`),
  ADD KEY `list_pnb` (`list_pnb`),
  ADD KEY `list_pnm` (`list_pnm`),
  ADD KEY `list_cnm` (`list_cnm`),
  ADD KEY `list_cllc` (`list_cllc`);

--
-- Индексы таблицы `funnel_manufacturer`
--
ALTER TABLE `funnel_manufacturer`
  ADD PRIMARY KEY (`vendor_id`);

--
-- Индексы таблицы `funnel_partner`
--
ALTER TABLE `funnel_partner`
  ADD PRIMARY KEY (`partner_id`);

--
-- Индексы таблицы `funnel_status`
--
ALTER TABLE `funnel_status`
  ADD PRIMARY KEY (`status_id`);

--
-- Индексы таблицы `funnel_user`
--
ALTER TABLE `funnel_user`
  ADD PRIMARY KEY (`user_id`);

--
-- AUTO_INCREMENT для сохранённых таблиц
--

--
-- AUTO_INCREMENT для таблицы `funnel_chance`
--
ALTER TABLE `funnel_chance`
  MODIFY `chance_id` int(11) NOT NULL AUTO_INCREMENT, AUTO_INCREMENT=11;

--
-- AUTO_INCREMENT для таблицы `funnel_city`
--
ALTER TABLE `funnel_city`
  MODIFY `city_id` int(5) UNSIGNED NOT NULL AUTO_INCREMENT, AUTO_INCREMENT=1490;

--
-- AUTO_INCREMENT для таблицы `funnel_currency`
--
ALTER TABLE `funnel_currency`
  MODIFY `currency_id` int(11) NOT NULL AUTO_INCREMENT, AUTO_INCREMENT=4;

--
-- AUTO_INCREMENT для таблицы `funnel_customer`
--
ALTER TABLE `funnel_customer`
  MODIFY `customer_id` int(11) NOT NULL AUTO_INCREMENT, AUTO_INCREMENT=37;

--
-- AUTO_INCREMENT для таблицы `funnel_dep`
--
ALTER TABLE `funnel_dep`
  MODIFY `dep_id` int(11) NOT NULL AUTO_INCREMENT, AUTO_INCREMENT=8;

--
-- AUTO_INCREMENT для таблицы `funnel_list`
--
ALTER TABLE `funnel_list`
  MODIFY `list_id` int(11) NOT NULL AUTO_INCREMENT, AUTO_INCREMENT=32;

--
-- AUTO_INCREMENT для таблицы `funnel_manufacturer`
--
ALTER TABLE `funnel_manufacturer`
  MODIFY `vendor_id` int(11) NOT NULL AUTO_INCREMENT, AUTO_INCREMENT=179;

--
-- AUTO_INCREMENT для таблицы `funnel_partner`
--
ALTER TABLE `funnel_partner`
  MODIFY `partner_id` int(11) NOT NULL AUTO_INCREMENT, AUTO_INCREMENT=475;

--
-- AUTO_INCREMENT для таблицы `funnel_status`
--
ALTER TABLE `funnel_status`
  MODIFY `status_id` int(11) NOT NULL AUTO_INCREMENT, AUTO_INCREMENT=8;

--
-- AUTO_INCREMENT для таблицы `funnel_user`
--
ALTER TABLE `funnel_user`
  MODIFY `user_id` int(11) NOT NULL AUTO_INCREMENT, AUTO_INCREMENT=12;

--
-- Ограничения внешнего ключа сохраненных таблиц
--

--
-- Ограничения внешнего ключа таблицы `funnel_list`
--
ALTER TABLE `funnel_list`
  ADD CONSTRAINT `funnel_list_ibfk_1` FOREIGN KEY (`list_vendor`) REFERENCES `funnel_manufacturer` (`vendor_id`),
  ADD CONSTRAINT `funnel_list_ibfk_2` FOREIGN KEY (`list_curr`) REFERENCES `funnel_currency` (`currency_id`),
  ADD CONSTRAINT `funnel_list_ibfk_3` FOREIGN KEY (`list_chance`) REFERENCES `funnel_chance` (`chance_id`),
  ADD CONSTRAINT `funnel_list_ibfk_4` FOREIGN KEY (`list_status`) REFERENCES `funnel_status` (`status_id`),
  ADD CONSTRAINT `funnel_list_ibfk_5` FOREIGN KEY (`list_author`) REFERENCES `funnel_user` (`user_id`),
  ADD CONSTRAINT `funnel_list_ibfk_6` FOREIGN KEY (`list_pnb`) REFERENCES `funnel_partner` (`partner_id`),
  ADD CONSTRAINT `funnel_list_ibfk_7` FOREIGN KEY (`list_pnm`) REFERENCES `funnel_partner` (`partner_id`),
  ADD CONSTRAINT `funnel_list_ibfk_8` FOREIGN KEY (`list_cnm`) REFERENCES `funnel_customer` (`customer_id`),
  ADD CONSTRAINT `funnel_list_ibfk_9` FOREIGN KEY (`list_cllc`) REFERENCES `funnel_customer` (`customer_id`);
COMMIT;

/*!40101 SET CHARACTER_SET_CLIENT=@OLD_CHARACTER_SET_CLIENT */;
/*!40101 SET CHARACTER_SET_RESULTS=@OLD_CHARACTER_SET_RESULTS */;
/*!40101 SET COLLATION_CONNECTION=@OLD_COLLATION_CONNECTION */;
